Valjean, Gavroche
Valjean, Gavroche
Valjean, Gavroche
Valjean, Gavroche
Valjean, Gavroche
Valjean, Gavroche
Valjean, Gavroche
Valjean, Gavroche
Valjean, Gavroche
Valjean, Gavroche
Valjean, Gavroche
Valjean, Gavroche
Valjean, Gavroche
Valjean, Gavroche
Valjean, Gavroche
Valjean, Gavroche
Valjean, Gavroche
Valjean, Gavroche
Valjean, Gavroche
Valjean, Marius
Valjean, Marius
Valjean, Marius
Valjean, Marius
Valjean, Marius
Valjean, Marius
Valjean, Marius
Valjean, Marius
Valjean, Marius
Valjean, Marius
Valjean, Marius
Valjean, Marius
Valjean, Marius
Valjean, Marius
Valjean, Marius
Valjean, Marius
Valjean, Marius
Valjean, Marius
Valjean, Marius
Valjean, Marius
Valjean, Marius
Valjean, Marius
Valjean, Marius
Valjean, Marius
Valjean, Marius
Valjean, Marius
Valjean, Marius
Valjean, Marius
Valjean, Marius
Valjean, Marius
Valjean, Marius
Valjean, Marius
Valjean, Marius
Valjean, Marius
Valjean, Marius
Valjean, Marius
Valjean, Marius
Valjean, Marius
Valjean, Marius
Valjean, Marius
Valjean, Marius
Valjean, Marius
Valjean, Marius
Valjean, Marius
Valjean, Marius
Valjean, Marius
Valjean, Marius
Valjean, Marius
Valjean, Marius
Valjean, Marius
Valjean, Marius
Valjean, Marius
Valjean, Marius
Valjean, Marius
Valjean, Marius
Valjean, Marius
Valjean, Marius
Valjean, Marius
Valjean, Marius
Valjean, Marius
Valjean, Marius
Valjean, Marius
Valjean, Marius
Valjean, Marius
Valjean, Marius
Valjean, Marius
Valjean, Marius
Valjean, Marius
Valjean, Marius
Valjean, Marius
Valjean, Marius
Valjean, Marius
Valjean, Marius
Valjean, Marius
Valjean, Marius
Valjean, Marius
Valjean, Marius
Valjean, Marius
Valjean, Marius
Valjean, Marius
Valjean, Marius
Valjean, Marius
Valjean, Marius
Valjean, Marius
Valjean, Marius
Valjean, Marius
Valjean, Marius
Valjean, Marius
Valjean, Marius
Valjean, Marius
Valjean, Marius
Valjean, Marius
Valjean, Marius
Valjean, Marius
Valjean, Marius
Valjean, Marius
Valjean, Marius
Valjean, Marius
Valjean, Marius
Valjean, Marius
Valjean, Marius
Valjean, Marius
Valjean, Marius
Valjean, Marius
Valjean, Marius
Valjean, Marius
Valjean, Marius
Valjean, Marius
Valjean, Marius
Valjean, Marius
Valjean, Marius
Valjean, Marius
Valjean, Marius
Valjean, Marius
Valjean, Marius
Valjean, Marius
Valjean, Marius
Valjean, Marius
Valjean, Marius
Valjean, Marius
Valjean, Marius
Valjean, Marius
Valjean, Marius
Valjean, Marius
Valjean, Marius
Valjean, Marius
Valjean, Marius
Valjean, Marius
Valjean, Marius
Valjean, Marius
Valjean, Marius
Valjean, Marius
Valjean, Marius
Valjean, Marius
Valjean, Marius
Valjean, Marius
Valjean, Marius
Valjean, Marius
Valjean, Marius
Valjean, Marius
Valjean, Marius
Valjean, Marius
Valjean, Marius
Valjean, Marius
Valjean, Marius
Valjean, Marius
Valjean, Marius
Valjean, Marius
Valjean, Marius
Valjean, Marius
Valjean, Marius
Valjean, Marius
Valjean, Marius
Valjean, Marius
Valjean, Marius
Valjean, Marius
Valjean, Marius
Valjean, Marius
Valjean, Marius
Valjean, Marius
Valjean, Marius
Valjean, Marius
Valjean, Marius
Valjean, Marius
Valjean, Marius
Valjean, Marius
Valjean, Marius
Valjean, Marius
Valjean, Marius
Valjean, Marius
Valjean, Marius
Valjean, Marius
Valjean, Marius
Valjean, Marius
Valjean, Marius
Valjean, Marius
Valjean, Marius
Valjean, Marius
Valjean, Marius
Valjean, Marius
Valjean, Marius
Valjean, Marius
Valjean, Marius
Valjean, Marius
Valjean, Marius
Valjean, Marius
Valjean, Marius
Valjean, Marius
Valjean, Marius
Valjean, Marius
Valjean, Marius
Valjean, Marius
Valjean, Marius
Valjean, Marius
Valjean, Marius
Valjean, Marius
Valjean, Marius
Valjean, Marius
Valjean, Marius
Valjean, Marius
Valjean, Marius
Valjean, Marius
Valjean, Marius
Valjean, Marius
Valjean, Marius
Valjean, Marius
Valjean, Marius
Valjean, Marius
Valjean, Marius
Valjean, Marius
Valjean, Marius
Valjean, Marius
Valjean, Marius
Valjean, Marius
Valjean, Marius
Valjean, Marius
Valjean, Marius
Valjean, Marius
Valjean, Marius
Valjean, Marius
Valjean, Marius
Valjean, Marius
Valjean, Marius
Valjean, Marius
Valjean, Marius
Valjean, Marius
Valjean, Marius
Valjean, Marius
Valjean, Marius
Valjean, Marius
Valjean, Marius
Valjean, Marius
Valjean, Marius
Valjean, Marius
Valjean, Marius
Valjean, Marius
Valjean, Marius
Valjean, Marius
Valjean, Marius
Valjean, Marius
Valjean, Marius
Valjean, Marius
Valjean, Marius
Valjean, Marius
Valjean, Marius
Valjean, Marius
Valjean, Marius
Valjean, Marius
Valjean, Marius
Valjean, Marius
Valjean, Marius
Valjean, Marius
Valjean, Marius
Valjean, Marius
Valjean, Marius
Valjean, Marius
Valjean, Marius
Valjean, Marius
Valjean, Marius
Valjean, Marius
Valjean, Marius
Valjean, Marius
Valjean, Marius
Valjean, Marius
Valjean, Marius
Valjean, Marius
Valjean, Marius
Valjean, Marius
Valjean, Marius
Valjean, Marius
Valjean, Marius
Valjean, Marius
Valjean, Marius
Valjean, Marius
Valjean, Marius
Valjean, Marius
Valjean, Marius
Valjean, Marius
Valjean, Marius
Valjean, Marius
Valjean, Javert
Valjean, Javert
Valjean, Javert
Valjean, Javert
Valjean, Javert
Valjean, Javert
Valjean, Javert
Valjean, Javert
Valjean, Javert
Valjean, Javert
Valjean, Javert
Valjean, Javert
Valjean, Javert
Valjean, Javert
Valjean, Javert
Valjean, Javert
Valjean, Javert
Valjean, Javert
Valjean, Javert
Valjean, Javert
Valjean, Javert
Valjean, Javert
Valjean, Javert
Valjean, Javert
Valjean, Javert
Valjean, Javert
Valjean, Javert
Valjean, Javert
Valjean, Javert
Valjean, Javert
Valjean, Javert
Valjean, Javert
Valjean, Javert
Valjean, Javert
Valjean, Javert
Valjean, Javert
Valjean, Javert
Valjean, Javert
Valjean, Javert
Valjean, Javert
Valjean, Javert
Valjean, Javert
Valjean, Javert
Valjean, Javert
Valjean, Javert
Valjean, Javert
Valjean, Javert
Valjean, Javert
Valjean, Javert
Valjean, Javert
Valjean, Javert
Valjean, Javert
Valjean, Javert
Valjean, Javert
Valjean, Javert
Valjean, Javert
Valjean, Javert
Valjean, Javert
Valjean, Javert
Valjean, Javert
Valjean, Javert
Valjean, Javert
Valjean, Javert
Valjean, Javert
Valjean, Javert
Valjean, Javert
Valjean, Javert
Valjean, Javert
Valjean, Javert
Valjean, Javert
Valjean, Javert
Valjean, Javert
Valjean, Javert
Valjean, Javert
Valjean, Javert
Valjean, Javert
Valjean, Javert
Valjean, Javert
Valjean, Javert
Valjean, Javert
Valjean, Javert
Valjean, Javert
Valjean, Javert
Valjean, Javert
Valjean, Javert
Valjean, Javert
Valjean, Javert
Valjean, Javert
Valjean, Javert
Valjean, Javert
Valjean, Javert
Valjean, Javert
Valjean, Javert
Valjean, Javert
Valjean, Javert
Valjean, Javert
Valjean, Javert
Valjean, Javert
Valjean, Javert
Valjean, Javert
Valjean, Javert
Valjean, Javert
Valjean, Javert
Valjean, Javert
Valjean, Javert
Valjean, Javert
Valjean, Javert
Valjean, Javert
Valjean, Javert
Valjean, Javert
Valjean, Javert
Valjean, Javert
Valjean, Javert
Valjean, Javert
Valjean, Javert
Valjean, Javert
Valjean, Javert
Valjean, Javert
Valjean, Javert
Valjean, Javert
Valjean, Javert
Valjean, Javert
Valjean, Javert
Valjean, Javert
Valjean, Javert
Valjean, Javert
Valjean, Javert
Valjean, Javert
Valjean, Javert
Valjean, Javert
Valjean, Javert
Valjean, Javert
Valjean, Javert
Valjean, Javert
Valjean, Javert
Valjean, Javert
Valjean, Javert
Valjean, Javert
Valjean, Javert
Valjean, Javert
Valjean, Javert
Valjean, Javert
Valjean, Javert
Valjean, Javert
Valjean, Javert
Valjean, Javert
Valjean, Javert
Valjean, Javert
Valjean, Javert
Valjean, Javert
Valjean, Javert
Valjean, Javert
Valjean, Javert
Valjean, Javert
Valjean, Javert
Valjean, Javert
Valjean, Javert
Valjean, Javert
Valjean, Javert
Valjean, Javert
Valjean, Javert
Valjean, Javert
Valjean, Javert
Valjean, Javert
Valjean, Javert
Valjean, Javert
Valjean, Javert
Valjean, Javert
Valjean, Javert
Valjean, Javert
Valjean, Javert
Valjean, Javert
Valjean, Javert
Valjean, Javert
Valjean, Javert
Valjean, Javert
Valjean, Javert
Valjean, Javert
Valjean, Javert
Valjean, Javert
Valjean, Javert
Valjean, Javert
Valjean, Javert
Valjean, Javert
Valjean, Javert
Valjean, Javert
Valjean, Javert
Valjean, Javert
Valjean, Javert
Valjean, Javert
Valjean, Javert
Valjean, Javert
Valjean, Javert
Valjean, Javert
Valjean, Javert
Valjean, Javert
Valjean, Javert
Valjean, Javert
Valjean, Javert
Valjean, Javert
Valjean, Javert
Valjean, Javert
Valjean, Javert
Valjean, Javert
Valjean, Javert
Valjean, Javert
Valjean, Javert
Valjean, Javert
Valjean, Javert
Valjean, Javert
Valjean, Javert
Valjean, Javert
Valjean, Javert
Valjean, Javert
Valjean, Javert
Valjean, Javert
Valjean, Javert
Valjean, Javert
Valjean, Javert
Valjean, Javert
Valjean, Javert
Valjean, Javert
Valjean, Javert
Valjean, Javert
Valjean, Javert
Valjean, Javert
Valjean, Javert
Valjean, Javert
Valjean, Javert
Valjean, Javert
Valjean, Javert
Valjean, Javert
Valjean, Javert
Valjean, Javert
Valjean, Javert
Valjean, Javert
Valjean, Javert
Valjean, Javert
Valjean, Javert
Valjean, Javert
Valjean, Javert
Valjean, Javert
Valjean, Javert
Valjean, Javert
Valjean, Javert
Valjean, Javert
Valjean, Javert
Valjean, Javert
Valjean, Javert
Valjean, Javert
Valjean, Javert
Valjean, Javert
Valjean, Javert
Valjean, Javert
Valjean, Javert
Valjean, Javert
Valjean, Fantine
Valjean, Fantine
Valjean, Fantine
Valjean, Fantine
Valjean, Fantine
Valjean, Fantine
Valjean, Fantine
Valjean, Fantine
Valjean, Fantine
Valjean, Fantine
Valjean, Fantine
Valjean, Fantine
Valjean, Fantine
Valjean, Fantine
Valjean, Fantine
Valjean, Fantine
Valjean, Fantine
Valjean, Fantine
Valjean, Fantine
Valjean, Fantine
Valjean, Fantine
Valjean, Fantine
Valjean, Fantine
Valjean, Fantine
Valjean, Fantine
Valjean, Fantine
Valjean, Fantine
Valjean, Fantine
Valjean, Enjolras
Valjean, Enjolras
Valjean, Enjolras
Valjean, Enjolras
Valjean, Enjolras
Valjean, Enjolras
Valjean, Enjolras
Valjean, Enjolras
Valjean, Enjolras
Valjean, Enjolras
Valjean, Enjolras
Valjean, Enjolras
Valjean, Courfeyrac
Valjean, Bossuet
Valjean, Bossuet
Valjean, Bossuet
Valjean, Joly
Valjean, Cosette
Valjean, Cosette
Valjean, Cosette
Valjean, Cosette
Valjean, Cosette
Valjean, Cosette
Valjean, Cosette
Valjean, Cosette
Valjean, Cosette
Valjean, Cosette
Valjean, Cosette
Valjean, Cosette
Valjean, Cosette
Valjean, Cosette
Valjean, Cosette
Valjean, Cosette
Valjean, Cosette
Valjean, Cosette
Valjean, Cosette
Valjean, Cosette
Valjean, Cosette
Valjean, Cosette
Valjean, Cosette
Valjean, Cosette
Valjean, Cosette
Valjean, Cosette
Valjean, Cosette
Valjean, Cosette
Valjean, Cosette
Valjean, Cosette
Valjean, Cosette
Valjean, Cosette
Valjean, Cosette
Valjean, Cosette
Valjean, Cosette
Valjean, Cosette
Valjean, Cosette
Valjean, Cosette
Valjean, Cosette
Valjean, Cosette
Valjean, Cosette
Valjean, Cosette
Valjean, Cosette
Valjean, Cosette
Valjean, Cosette
Valjean, Cosette
Valjean, Cosette
Valjean, Cosette
Valjean, Cosette
Valjean, Cosette
Valjean, Cosette
Valjean, Cosette
Valjean, Cosette
Valjean, Cosette
Valjean, Cosette
Valjean, Cosette
Valjean, Cosette
Valjean, Cosette
Valjean, Cosette
Valjean, Cosette
Valjean, Cosette
Valjean, Cosette
Valjean, Cosette
Valjean, Cosette
Valjean, Cosette
Valjean, Cosette
Valjean, Cosette
Valjean, Cosette
Valjean, Cosette
Valjean, Cosette
Valjean, Cosette
Valjean, Cosette
Valjean, Cosette
Valjean, Cosette
Valjean, Cosette
Valjean, Cosette
Valjean, Cosette
Valjean, Cosette
Valjean, Cosette
Valjean, Cosette
Valjean, Cosette
Valjean, Cosette
Valjean, Cosette
Valjean, Cosette
Valjean, Cosette
Valjean, Cosette
Valjean, Cosette
Valjean, Cosette
Valjean, Cosette
Valjean, Cosette
Valjean, Cosette
Valjean, Cosette
Valjean, Cosette
Valjean, Cosette
Valjean, Cosette
Valjean, Cosette
Valjean, Cosette
Valjean, Cosette
Valjean, Cosette
Valjean, Cosette
Valjean, Cosette
Valjean, Cosette
Valjean, Cosette
Valjean, Cosette
Valjean, Cosette
Valjean, Cosette
Valjean, Cosette
Valjean, Cosette
Valjean, Cosette
Valjean, Cosette
Valjean, Cosette
Valjean, Cosette
Valjean, Cosette
Valjean, Cosette
Valjean, Cosette
Valjean, Cosette
Valjean, Cosette
Valjean, Cosette
Valjean, Cosette
Valjean, Cosette
Valjean, Cosette
Valjean, Cosette
Valjean, Cosette
Valjean, Cosette
Valjean, Cosette
Valjean, Cosette
Valjean, Cosette
Valjean, Cosette
Valjean, Cosette
Valjean, Cosette
Valjean, Cosette
Valjean, Cosette
Valjean, Cosette
Valjean, Cosette
Valjean, Cosette
Valjean, Cosette
Valjean, Cosette
Valjean, Cosette
Valjean, Cosette
Valjean, Cosette
Valjean, Cosette
Valjean, Cosette
Valjean, Cosette
Valjean, Cosette
Valjean, Cosette
Valjean, Cosette
Valjean, Cosette
Valjean, Cosette
Valjean, Cosette
Valjean, Cosette
Valjean, Cosette
Valjean, Cosette
Valjean, Cosette
Valjean, Cosette
Valjean, Cosette
Valjean, Cosette
Valjean, Cosette
Valjean, Cosette
Valjean, Cosette
Valjean, Cosette
Valjean, Cosette
Valjean, Cosette
Valjean, Cosette
Valjean, Cosette
Valjean, Cosette
Valjean, Cosette
Valjean, Cosette
Valjean, Cosette
Valjean, Cosette
Valjean, Cosette
Valjean, Cosette
Valjean, Cosette
Valjean, Cosette
Valjean, Cosette
Valjean, Cosette
Valjean, Cosette
Valjean, Cosette
Valjean, Cosette
Valjean, Cosette
Valjean, Cosette
Valjean, Cosette
Valjean, Cosette
Valjean, Cosette
Valjean, Cosette
Valjean, Cosette
Valjean, Cosette
Valjean, Cosette
Valjean, Cosette
Valjean, Cosette
Valjean, Cosette
Valjean, Cosette
Valjean, Cosette
Valjean, Cosette
Valjean, Cosette
Valjean, Cosette
Valjean, Cosette
Valjean, Cosette
Valjean, Cosette
Valjean, Cosette
Valjean, Cosette
Valjean, Cosette
Valjean, Cosette
Valjean, Cosette
Valjean, Cosette
Valjean, Cosette
Valjean, Cosette
Valjean, Cosette
Valjean, Cosette
Valjean, Cosette
Valjean, Cosette
Valjean, Cosette
Valjean, Cosette
Valjean, Cosette
Valjean, Cosette
Valjean, Cosette
Valjean, Cosette
Valjean, Cosette
Valjean, Cosette
Valjean, Cosette
Valjean, Cosette
Valjean, Cosette
Valjean, Cosette
Valjean, Cosette
Valjean, Cosette
Valjean, Cosette
Valjean, Cosette
Valjean, Cosette
Valjean, Cosette
Valjean, Cosette
Valjean, Cosette
Valjean, Cosette
Valjean, Cosette
Valjean, Cosette
Valjean, Cosette
Valjean, Cosette
Valjean, Cosette
Valjean, Cosette
Valjean, Cosette
Valjean, Cosette
Valjean, Cosette
Valjean, Cosette
Valjean, Cosette
Valjean, Cosette
Valjean, Cosette
Valjean, Cosette
Valjean, Cosette
Valjean, Cosette
Valjean, Cosette
Valjean, Cosette
Valjean, Cosette
Valjean, Cosette
Valjean, Cosette
Valjean, Cosette
Valjean, Cosette
Valjean, Cosette
Valjean, Cosette
Valjean, Cosette
Valjean, Cosette
Valjean, Cosette
Valjean, Cosette
Valjean, Cosette
Valjean, Cosette
Valjean, Cosette
Valjean, Cosette
Valjean, Cosette
Valjean, Cosette
Valjean, Cosette
Valjean, Cosette
Valjean, Cosette
Valjean, Cosette
Valjean, Cosette
Valjean, Cosette
Valjean, Cosette
Valjean, Cosette
Valjean, Cosette
Valjean, Cosette
Valjean, Cosette
Valjean, Cosette
Valjean, Cosette
Valjean, Cosette
Valjean, Cosette
Valjean, Cosette
Valjean, Cosette
Valjean, Cosette
Valjean, Cosette
Valjean, Cosette
Valjean, Cosette
Valjean, Cosette
Valjean, Cosette
Valjean, Cosette
Valjean, Cosette
Valjean, Cosette
Valjean, Cosette
Valjean, Cosette
Valjean, Cosette
Valjean, Cosette
Valjean, Cosette
Valjean, Cosette
Valjean, Cosette
Valjean, Cosette
Valjean, Cosette
Valjean, Cosette
Valjean, Cosette
Valjean, Cosette
Valjean, Cosette
Valjean, Cosette
Valjean, Cosette
Valjean, Cosette
Valjean, Cosette
Valjean, Cosette
Valjean, Cosette
Valjean, Cosette
Valjean, Cosette
Valjean, Cosette
Valjean, Cosette
Valjean, Cosette
Valjean, Cosette
Valjean, Cosette
Valjean, Cosette
Valjean, Cosette
Valjean, Cosette
Valjean, Cosette
Valjean, Cosette
Valjean, Cosette
Valjean, Cosette
Valjean, Cosette
Valjean, Cosette
Valjean, Cosette
Valjean, Cosette
Valjean, Cosette
Valjean, Cosette
Valjean, Cosette
Valjean, Cosette
Valjean, Cosette
Valjean, Cosette
Valjean, Cosette
Valjean, Cosette
Valjean, Cosette
Valjean, Cosette
Valjean, Cosette
Valjean, Cosette
Valjean, Cosette
Valjean, Cosette
Valjean, Cosette
Valjean, Cosette
Valjean, Cosette
Valjean, Cosette
Valjean, Cosette
Valjean, Cosette
Valjean, Cosette
Valjean, Cosette
Valjean, Cosette
Valjean, Cosette
Valjean, Cosette
Valjean, Cosette
Valjean, Cosette
Valjean, Cosette
Valjean, Cosette
Valjean, Cosette
Valjean, Cosette
Valjean, Cosette
Valjean, Cosette
Valjean, Cosette
Valjean, Cosette
Valjean, Cosette
Valjean, Cosette
Valjean, Cosette
Valjean, Cosette
Valjean, Cosette
Valjean, Cosette
Valjean, Cosette
Valjean, Cosette
Valjean, Cosette
Valjean, Cosette
Valjean, Cosette
Valjean, Cosette
Valjean, Cosette
Valjean, Cosette
Valjean, Cosette
Valjean, Cosette
Valjean, Cosette
Valjean, Cosette
Valjean, Cosette
Valjean, Cosette
Valjean, Cosette
Valjean, Cosette
Valjean, Cosette
Valjean, Cosette
Valjean, Cosette
Valjean, Cosette
Valjean, Cosette
Valjean, Cosette
Valjean, Cosette
Valjean, Cosette
Valjean, Cosette
Valjean, Cosette
Valjean, Cosette
Valjean, Cosette
Valjean, Cosette
Valjean, Cosette
Valjean, Cosette
Valjean, Cosette
Valjean, Cosette
Valjean, Cosette
Valjean, Cosette
Valjean, Cosette
Valjean, Cosette
Valjean, Cosette
Valjean, Cosette
Valjean, Cosette
Valjean, Cosette
Valjean, Cosette
Valjean, Cosette
Valjean, Cosette
Valjean, Cosette
Valjean, Cosette
Valjean, Cosette
Valjean, Cosette
Valjean, Cosette
Valjean, Cosette
Valjean, Cosette
Valjean, Cosette
Valjean, Cosette
Valjean, Cosette
Valjean, Cosette
Valjean, Cosette
Valjean, Cosette
Valjean, Cosette
Valjean, Cosette
Valjean, Cosette
Valjean, Cosette
Valjean, Cosette
Valjean, Cosette
Valjean, Cosette
Valjean, Cosette
Valjean, Cosette
Valjean, Cosette
Valjean, Cosette
Valjean, Cosette
Valjean, Cosette
Valjean, Cosette
Valjean, Cosette
Valjean, Cosette
Valjean, Cosette
Valjean, Cosette
Valjean, Cosette
Valjean, Cosette
Valjean, Cosette
Valjean, Cosette
Valjean, Cosette
Valjean, Cosette
Valjean, Cosette
Valjean, Cosette
Valjean, Cosette
Valjean, Cosette
Valjean, Cosette
Valjean, Cosette
Valjean, Cosette
Valjean, Cosette
Valjean, Cosette
Valjean, Cosette
Valjean, Cosette
Valjean, Cosette
Valjean, Cosette
Valjean, Cosette
Valjean, Cosette
Valjean, Cosette
Valjean, Cosette
Valjean, Cosette
Valjean, Cosette
Valjean, Cosette
Valjean, Cosette
Valjean, Cosette
Valjean, Cosette
Valjean, Cosette
Valjean, Cosette
Valjean, Cosette
Valjean, Cosette
Valjean, Cosette
Valjean, Eponine
Valjean, Eponine
Valjean, Eponine
Valjean, Mabeuf
Valjean, Mabeuf
Valjean, Mabeuf
Valjean, Combeferre
Valjean, Combeferre
Valjean, Combeferre
Valjean, Hucheloup
Valjean, Champmathieu
Valjean, Champmathieu
Valjean, Champmathieu
Valjean, Champmathieu
Valjean, Champmathieu
Valjean, Champmathieu
Valjean, Champmathieu
Valjean, Champmathieu
Valjean, Champmathieu
Valjean, Champmathieu
Valjean, Champmathieu
Valjean, Champmathieu
Valjean, Champmathieu
Valjean, Champmathieu
Valjean, Champmathieu
Valjean, Champmathieu
Valjean, Champmathieu
Valjean, Champmathieu
Valjean, Champmathieu
Valjean, Champmathieu
Valjean, Champmathieu
Valjean, Champmathieu
Valjean, Champmathieu
Valjean, Champmathieu
Valjean, Champmathieu
Valjean, Champmathieu
Valjean, Champmathieu
Valjean, Champmathieu
Valjean, Champmathieu
Valjean, Champmathieu
Valjean, Champmathieu
Valjean, Champmathieu
Valjean, Champmathieu
Valjean, Champmathieu
Valjean, Champmathieu
Valjean, Champmathieu
Valjean, Champmathieu
Valjean, Brevet
Valjean, Brevet
Valjean, Brevet
Valjean, Brevet
Valjean, Brevet
Valjean, Brevet
Valjean, Brevet
Valjean, Brevet
Valjean, Brevet
Valjean, Brevet
Valjean, Brevet
Valjean, Brevet
Valjean, Brevet
Valjean, Brevet
Valjean, Brevet
Valjean, Brevet
Valjean, Brevet
Valjean, Brevet
Valjean, Brevet
Valjean, Brevet
Valjean, Brevet
Valjean, Chenildieu
Valjean, Chenildieu
Valjean, Chenildieu
Valjean, Chenildieu
Valjean, Cochepaille
Valjean, Cochepaille
Valjean, Cochepaille
Valjean, Cochepaille
Valjean, Cochepaille
Valjean, Fauchelevent
Valjean, Fauchelevent
Valjean, Fauchelevent
Valjean, Fauchelevent
Valjean, Fauchelevent
Valjean, Fauchelevent
Valjean, Fauchelevent
Valjean, Fauchelevent
Valjean, Fauchelevent
Valjean, Fauchelevent
Valjean, Fauchelevent
Valjean, Fauchelevent
Valjean, Fauchelevent
Valjean, Fauchelevent
Valjean, Fauchelevent
Valjean, Fauchelevent
Valjean, Fauchelevent
Valjean, Fauchelevent
Valjean, Fauchelevent
Valjean, Fauchelevent
Valjean, Fauchelevent
Valjean, Fauchelevent
Valjean, Fauchelevent
Valjean, Fauchelevent
Valjean, Fauchelevent
Valjean, Fauchelevent
Valjean, Fauchelevent
Valjean, Fauchelevent
Valjean, Fauchelevent
Valjean, Fauchelevent
Valjean, Fauchelevent
Valjean, Fauchelevent
Valjean, Fauchelevent
Valjean, Fauchelevent
Valjean, Fauchelevent
Valjean, Fauchelevent
Valjean, Fauchelevent
Valjean, Fauchelevent
Valjean, Fauchelevent
Valjean, Fauchelevent
Valjean, Fauchelevent
Valjean, Fauchelevent
Valjean, Fauchelevent
Valjean, Fauchelevent
Valjean, Fauchelevent
Valjean, Fauchelevent
Valjean, Fauchelevent
Valjean, Fauchelevent
Valjean, Fauchelevent
Valjean, Fauchelevent
Valjean, Fauchelevent
Valjean, Fauchelevent
Valjean, Fauchelevent
Valjean, Fauchelevent
Valjean, Fauchelevent
Valjean, Fauchelevent
Valjean, Fauchelevent
Valjean, Fauchelevent
Valjean, Fauchelevent
Valjean, Fauchelevent
Valjean, Fauchelevent
Valjean, Fauchelevent
Valjean, Fauchelevent
Valjean, Fauchelevent
Valjean, Fauchelevent
Valjean, Fauchelevent
Valjean, Fauchelevent
Valjean, Fauchelevent
Valjean, Fauchelevent
Valjean, Fauchelevent
Valjean, Fauchelevent
Valjean, Fauchelevent
Valjean, Fauchelevent
Valjean, Fauchelevent
Valjean, Fauchelevent
Valjean, Fauchelevent
Valjean, Fauchelevent
Valjean, Fauchelevent
Valjean, Fauchelevent
Valjean, Fauchelevent
Valjean, Fauchelevent
Valjean, Fauchelevent
Valjean, Fauchelevent
Valjean, Fauchelevent
Valjean, Fauchelevent
Valjean, Fauchelevent
Valjean, Fauchelevent
Valjean, Fauchelevent
Valjean, Fauchelevent
Valjean, Fauchelevent
Valjean, Fauchelevent
Valjean, Fauchelevent
Valjean, Fauchelevent
Valjean, Fauchelevent
Valjean, Fauchelevent
Valjean, Fauchelevent
Valjean, Fauchelevent
Valjean, Fauchelevent
Valjean, Fauchelevent
Valjean, Fauchelevent
Valjean, Fauchelevent
Valjean, Fauchelevent
Valjean, Fauchelevent
Valjean, Fauchelevent
Valjean, Fauchelevent
Valjean, Fauchelevent
Valjean, Fauchelevent
Valjean, Fauchelevent
Valjean, Fauchelevent
Valjean, Fauchelevent
Valjean, Fauchelevent
Valjean, Fauchelevent
Valjean, Fauchelevent
Valjean, Fauchelevent
Valjean, Fauchelevent
Valjean, Fauchelevent
Valjean, Fauchelevent
Valjean, Simplice
Valjean, Simplice
Valjean, Magloire
Valjean, Pontmercy
Valjean, Pontmercy
Valjean, Pontmercy
Valjean, Pontmercy
Valjean, Pontmercy
Valjean, Pontmercy
Valjean, Pontmercy
Valjean, Pontmercy
Valjean, Pontmercy
Valjean, Pontmercy
Valjean, Pontmercy
Valjean, Pontmercy
Valjean, Pontmercy
Valjean, Toussaint
Valjean, Toussaint
Valjean, Toussaint
Valjean, Toussaint
Valjean, Toussaint
Valjean, Toussaint
Valjean, Toussaint
Valjean, Toussaint
Valjean, Toussaint
Valjean, Toussaint
Valjean, Toussaint
Valjean, Toussaint
Valjean, Toussaint
Valjean, Toussaint
Valjean, Toussaint
Valjean, Toussaint
Valjean, Toussaint
Valjean, Toussaint
Valjean, Toussaint
Valjean, Toussaint
Valjean, Toussaint
Valjean, Toussaint
Valjean, Toussaint
Valjean, Toussaint
Valjean, Toussaint
Valjean, Toussaint
Valjean, Toussaint
Valjean, Toussaint
Valjean, Toussaint
Valjean, Toussaint
Valjean, Toussaint
Valjean, Toussaint
Valjean, Toussaint
Valjean, Toussaint
Valjean, Toussaint
Valjean, Toussaint
Valjean, Toussaint
Valjean, Toussaint
Valjean, Toussaint
Valjean, Toussaint
Valjean, Toussaint
Valjean, Napoleon
Valjean, Isabeau
Valjean, Isabeau
Valjean, Isabeau
Valjean, Gervais
Valjean, Gervais
Valjean, Gervais
Valjean, Gervais
Valjean, Gervais
Valjean, Gervais
Valjean, Gervais
Valjean, Boulatruelle
Valjean, Boulatruelle
Valjean, Boulatruelle
Valjean, Boulatruelle
Valjean, Gribier
Valjean, Jondrette
Valjean, Jondrette
Gavroche, Marius
Gavroche, Marius
Gavroche, Marius
Gavroche, Marius
Gavroche, Marius
Gavroche, Marius
Gavroche, Marius
Gavroche, Marius
Gavroche, Marius
Gavroche, Marius
Gavroche, Marius
Gavroche, Marius
Gavroche, Marius
Gavroche, Marius
Gavroche, Marius
Gavroche, Marius
Gavroche, Marius
Gavroche, Marius
Gavroche, Javert
Gavroche, Javert
Gavroche, Javert
Gavroche, Javert
Gavroche, Javert
Gavroche, Javert
Gavroche, Javert
Gavroche, Javert
Gavroche, Javert
Gavroche, Enjolras
Gavroche, Enjolras
Gavroche, Enjolras
Gavroche, Enjolras
Gavroche, Enjolras
Gavroche, Enjolras
Gavroche, Enjolras
Gavroche, Enjolras
Gavroche, Enjolras
Gavroche, Enjolras
Gavroche, Enjolras
Gavroche, Enjolras
Gavroche, Enjolras
Gavroche, Enjolras
Gavroche, Enjolras
Gavroche, Enjolras
Gavroche, Enjolras
Gavroche, Enjolras
Gavroche, Enjolras
Gavroche, Enjolras
Gavroche, Enjolras
Gavroche, Enjolras
Gavroche, Enjolras
Gavroche, Enjolras
Gavroche, Enjolras
Gavroche, Enjolras
Gavroche, Enjolras
Gavroche, Enjolras
Gavroche, Enjolras
Gavroche, Courfeyrac
Gavroche, Courfeyrac
Gavroche, Courfeyrac
Gavroche, Courfeyrac
Gavroche, Courfeyrac
Gavroche, Courfeyrac
Gavroche, Courfeyrac
Gavroche, Courfeyrac
Gavroche, Courfeyrac
Gavroche, Courfeyrac
Gavroche, Courfeyrac
Gavroche, Courfeyrac
Gavroche, Courfeyrac
Gavroche, Courfeyrac
Gavroche, Courfeyrac
Gavroche, Courfeyrac
Gavroche, Courfeyrac
Gavroche, Courfeyrac
Gavroche, Courfeyrac
Gavroche, Courfeyrac
Gavroche, Courfeyrac
Gavroche, Courfeyrac
Gavroche, Courfeyrac
Gavroche, Bossuet
Gavroche, Bossuet
Gavroche, Bossuet
Gavroche, Bossuet
Gavroche, Bahorel
Gavroche, Bahorel
Gavroche, Bahorel
Gavroche, Bahorel
Gavroche, Bahorel
Gavroche, Bahorel
Gavroche, Bahorel
Gavroche, Bahorel
Gavroche, Bahorel
Gavroche, Bahorel
Gavroche, Bahorel
Gavroche, Bahorel
Gavroche, Joly
Gavroche, Cosette
Gavroche, Cosette
Gavroche, Cosette
Gavroche, Cosette
Gavroche, Cosette
Gavroche, Cosette
Gavroche, Cosette
Gavroche, Cosette
Gavroche, Cosette
Gavroche, Cosette
Gavroche, Cosette
Gavroche, Cosette
Gavroche, Cosette
Gavroche, Cosette
Gavroche, Cosette
Gavroche, Eponine
Gavroche, Eponine
Gavroche, Mabeuf
Gavroche, Mabeuf
Gavroche, Mabeuf
Gavroche, Mabeuf
Gavroche, Mabeuf
Gavroche, Mabeuf
Gavroche, Mabeuf
Gavroche, Mabeuf
Gavroche, Mabeuf
Gavroche, Mabeuf
Gavroche, Mabeuf
Gavroche, Mabeuf
Gavroche, Mabeuf
Gavroche, Mabeuf
Gavroche, Mabeuf
Gavroche, Combeferre
Gavroche, Combeferre
Gavroche, Combeferre
Gavroche, Combeferre
Gavroche, Combeferre
Gavroche, Combeferre
Gavroche, Combeferre
Gavroche, Combeferre
Gavroche, Combeferre
Gavroche, Combeferre
Gavroche, Combeferre
Gavroche, Combeferre
Gavroche, Combeferre
Gavroche, Combeferre
Gavroche, Combeferre
Gavroche, Feuilly
Gavroche, Feuilly
Gavroche, Feuilly
Gavroche, Feuilly
Gavroche, Feuilly
Gavroche, Feuilly
Gavroche, Feuilly
Gavroche, Grantaire
Gavroche, Grantaire
Gavroche, Babet
Gavroche, Babet
Gavroche, Babet
Gavroche, Babet
Gavroche, Babet
Gavroche, Babet
Gavroche, Babet
Gavroche, Babet
Gavroche, Babet
Gavroche, Babet
Gavroche, Babet
Gavroche, Babet
Gavroche, Babet
Gavroche, Babet
Gavroche, Prouvaire
Gavroche, Prouvaire
Gavroche, Prouvaire
Gavroche, Prouvaire
Gavroche, Prouvaire
Gavroche, Montparnasse
Gavroche, Montparnasse
Gavroche, Montparnasse
Gavroche, Montparnasse
Gavroche, Montparnasse
Gavroche, Montparnasse
Gavroche, Montparnasse
Gavroche, Montparnasse
Gavroche, Montparnasse
Gavroche, Montparnasse
Gavroche, Montparnasse
Gavroche, Montparnasse
Gavroche, Montparnasse
Gavroche, Montparnasse
Gavroche, Montparnasse
Gavroche, Montparnasse
Gavroche, Montparnasse
Gavroche, Montparnasse
Gavroche, Montparnasse
Gavroche, Montparnasse
Gavroche, Montparnasse
Gavroche, Montparnasse
Gavroche, Montparnasse
Gavroche, Montparnasse
Gavroche, Montparnasse
Gavroche, Montparnasse
Gavroche, Montparnasse
Gavroche, Montparnasse
Gavroche, Montparnasse
Gavroche, Montparnasse
Gavroche, Montparnasse
Gavroche, Montparnasse
Gavroche, Montparnasse
Gavroche, Montparnasse
Gavroche, Montparnasse
Gavroche, Montparnasse
Gavroche, Montparnasse
Gavroche, Montparnasse
Gavroche, Montparnasse
Gavroche, Montparnasse
Gavroche, Montparnasse
Gavroche, Montparnasse
Gavroche, Montparnasse
Gavroche, Montparnasse
Gavroche, Montparnasse
Gavroche, Montparnasse
Gavroche, Montparnasse
Gavroche, Montparnasse
Gavroche, Montparnasse
Gavroche, Montparnasse
Gavroche, Montparnasse
Gavroche, Montparnasse
Gavroche, Montparnasse
Gavroche, Montparnasse
Gavroche, Montparnasse
Gavroche, Montparnasse
Gavroche, Montparnasse
Gavroche, Montparnasse
Gavroche, Montparnasse
Gavroche, Montparnasse
Gavroche, Montparnasse
Gavroche, Montparnasse
Gavroche, Montparnasse
Gavroche, Montparnasse
Gavroche, Montparnasse
Gavroche, Montparnasse
Gavroche, Montparnasse
Gavroche, Montparnasse
Gavroche, Montparnasse
Gavroche, Montparnasse
Gavroche, Montparnasse
Gavroche, Montparnasse
Gavroche, Montparnasse
Gavroche, Montparnasse
Gavroche, Montparnasse
Gavroche, Montparnasse
Gavroche, Montparnasse
Gavroche, Brujon
Gavroche, Brujon
Gavroche, Brujon
Gavroche, Brujon
Gavroche, Brujon
Gavroche, Brujon
Gavroche, Brujon
Gavroche, Brujon
Gavroche, Brujon
Gavroche, Brujon
Gavroche, Brujon
Gavroche, Hucheloup
Gavroche, Fauchelevent
Gavroche, Fauchelevent
Gavroche, Fauchelevent
Gavroche, Fauchelevent
Gavroche, Fauchelevent
Gavroche, Fauchelevent
Gavroche, Fauchelevent
Gavroche, Fauchelevent
Gavroche, Fauchelevent
Gavroche, Pontmercy
Gavroche, Toussaint
Gavroche, Magnon
Gavroche, Magnon
Gavroche, Magnon
Gavroche, Napoleon
Gavroche, Gervais
Gavroche, Gervais
Gavroche, Jondrette
Gavroche, Jondrette
Gavroche, Jondrette
Marius, Javert
Marius, Javert
Marius, Javert
Marius, Javert
Marius, Javert
Marius, Javert
Marius, Javert
Marius, Javert
Marius, Javert
Marius, Javert
Marius, Javert
Marius, Javert
Marius, Javert
Marius, Javert
Marius, Javert
Marius, Javert
Marius, Javert
Marius, Javert
Marius, Javert
Marius, Javert
Marius, Javert
Marius, Javert
Marius, Javert
Marius, Javert
Marius, Javert
Marius, Javert
Marius, Javert
Marius, Javert
Marius, Javert
Marius, Javert
Marius, Javert
Marius, Javert
Marius, Javert
Marius, Javert
Marius, Javert
Marius, Javert
Marius, Javert
Marius, Javert
Marius, Javert
Marius, Javert
Marius, Javert
Marius, Enjolras
Marius, Enjolras
Marius, Enjolras
Marius, Enjolras
Marius, Enjolras
Marius, Enjolras
Marius, Enjolras
Marius, Enjolras
Marius, Enjolras
Marius, Enjolras
Marius, Enjolras
Marius, Enjolras
Marius, Enjolras
Marius, Enjolras
Marius, Enjolras
Marius, Enjolras
Marius, Enjolras
Marius, Enjolras
Marius, Enjolras
Marius, Enjolras
Marius, Enjolras
Marius, Enjolras
Marius, Enjolras
Marius, Enjolras
Marius, Enjolras
Marius, Enjolras
Marius, Enjolras
Marius, Enjolras
Marius, Enjolras
Marius, Enjolras
Marius, Enjolras
Marius, Enjolras
Marius, Enjolras
Marius, Enjolras
Marius, Enjolras
Marius, Enjolras
Marius, Enjolras
Marius, Enjolras
Marius, Enjolras
Marius, Enjolras
Marius, Enjolras
Marius, Enjolras
Marius, Enjolras
Marius, Courfeyrac
Marius, Courfeyrac
Marius, Courfeyrac
Marius, Courfeyrac
Marius, Courfeyrac
Marius, Courfeyrac
Marius, Courfeyrac
Marius, Courfeyrac
Marius, Courfeyrac
Marius, Courfeyrac
Marius, Courfeyrac
Marius, Courfeyrac
Marius, Courfeyrac
Marius, Courfeyrac
Marius, Courfeyrac
Marius, Courfeyrac
Marius, Courfeyrac
Marius, Courfeyrac
Marius, Courfeyrac
Marius, Courfeyrac
Marius, Courfeyrac
Marius, Courfeyrac
Marius, Courfeyrac
Marius, Courfeyrac
Marius, Courfeyrac
Marius, Courfeyrac
Marius, Courfeyrac
Marius, Courfeyrac
Marius, Courfeyrac
Marius, Courfeyrac
Marius, Courfeyrac
Marius, Courfeyrac
Marius, Courfeyrac
Marius, Courfeyrac
Marius, Courfeyrac
Marius, Courfeyrac
Marius, Courfeyrac
Marius, Courfeyrac
Marius, Courfeyrac
Marius, Courfeyrac
Marius, Courfeyrac
Marius, Courfeyrac
Marius, Courfeyrac
Marius, Courfeyrac
Marius, Courfeyrac
Marius, Courfeyrac
Marius, Courfeyrac
Marius, Courfeyrac
Marius, Courfeyrac
Marius, Courfeyrac
Marius, Courfeyrac
Marius, Courfeyrac
Marius, Courfeyrac
Marius, Courfeyrac
Marius, Courfeyrac
Marius, Courfeyrac
Marius, Courfeyrac
Marius, Courfeyrac
Marius, Courfeyrac
Marius, Courfeyrac
Marius, Courfeyrac
Marius, Courfeyrac
Marius, Courfeyrac
Marius, Courfeyrac
Marius, Courfeyrac
Marius, Courfeyrac
Marius, Courfeyrac
Marius, Courfeyrac
Marius, Courfeyrac
Marius, Courfeyrac
Marius, Courfeyrac
Marius, Courfeyrac
Marius, Courfeyrac
Marius, Courfeyrac
Marius, Courfeyrac
Marius, Courfeyrac
Marius, Courfeyrac
Marius, Courfeyrac
Marius, Courfeyrac
Marius, Courfeyrac
Marius, Courfeyrac
Marius, Courfeyrac
Marius, Courfeyrac
Marius, Courfeyrac
Marius, Courfeyrac
Marius, Courfeyrac
Marius, Courfeyrac
Marius, Courfeyrac
Marius, Courfeyrac
Marius, Courfeyrac
Marius, Courfeyrac
Marius, Courfeyrac
Marius, Courfeyrac
Marius, Courfeyrac
Marius, Courfeyrac
Marius, Courfeyrac
Marius, Courfeyrac
Marius, Courfeyrac
Marius, Courfeyrac
Marius, Courfeyrac
Marius, Courfeyrac
Marius, Courfeyrac
Marius, Courfeyrac
Marius, Courfeyrac
Marius, Courfeyrac
Marius, Courfeyrac
Marius, Courfeyrac
Marius, Courfeyrac
Marius, Courfeyrac
Marius, Courfeyrac
Marius, Courfeyrac
Marius, Courfeyrac
Marius, Courfeyrac
Marius, Courfeyrac
Marius, Courfeyrac
Marius, Courfeyrac
Marius, Courfeyrac
Marius, Courfeyrac
Marius, Courfeyrac
Marius, Courfeyrac
Marius, Courfeyrac
Marius, Courfeyrac
Marius, Courfeyrac
Marius, Courfeyrac
Marius, Courfeyrac
Marius, Courfeyrac
Marius, Courfeyrac
Marius, Courfeyrac
Marius, Bossuet
Marius, Bossuet
Marius, Bossuet
Marius, Bossuet
Marius, Bossuet
Marius, Bossuet
Marius, Bossuet
Marius, Bossuet
Marius, Bossuet
Marius, Bossuet
Marius, Bossuet
Marius, Bossuet
Marius, Bossuet
Marius, Bossuet
Marius, Bossuet
Marius, Bahorel
Marius, Bahorel
Marius, Bahorel
Marius, Bahorel
Marius, Bahorel
Marius, Bahorel
Marius, Joly
Marius, Joly
Marius, Cosette
Marius, Cosette
Marius, Cosette
Marius, Cosette
Marius, Cosette
Marius, Cosette
Marius, Cosette
Marius, Cosette
Marius, Cosette
Marius, Cosette
Marius, Cosette
Marius, Cosette
Marius, Cosette
Marius, Cosette
Marius, Cosette
Marius, Cosette
Marius, Cosette
Marius, Cosette
Marius, Cosette
Marius, Cosette
Marius, Cosette
Marius, Cosette
Marius, Cosette
Marius, Cosette
Marius, Cosette
Marius, Cosette
Marius, Cosette
Marius, Cosette
Marius, Cosette
Marius, Cosette
Marius, Cosette
Marius, Cosette
Marius, Cosette
Marius, Cosette
Marius, Cosette
Marius, Cosette
Marius, Cosette
Marius, Cosette
Marius, Cosette
Marius, Cosette
Marius, Cosette
Marius, Cosette
Marius, Cosette
Marius, Cosette
Marius, Cosette
Marius, Cosette
Marius, Cosette
Marius, Cosette
Marius, Cosette
Marius, Cosette
Marius, Cosette
Marius, Cosette
Marius, Cosette
Marius, Cosette
Marius, Cosette
Marius, Cosette
Marius, Cosette
Marius, Cosette
Marius, Cosette
Marius, Cosette
Marius, Cosette
Marius, Cosette
Marius, Cosette
Marius, Cosette
Marius, Cosette
Marius, Cosette
Marius, Cosette
Marius, Cosette
Marius, Cosette
Marius, Cosette
Marius, Cosette
Marius, Cosette
Marius, Cosette
Marius, Cosette
Marius, Cosette
Marius, Cosette
Marius, Cosette
Marius, Cosette
Marius, Cosette
Marius, Cosette
Marius, Cosette
Marius, Cosette
Marius, Cosette
Marius, Cosette
Marius, Cosette
Marius, Cosette
Marius, Cosette
Marius, Cosette
Marius, Cosette
Marius, Cosette
Marius, Cosette
Marius, Cosette
Marius, Cosette
Marius, Cosette
Marius, Cosette
Marius, Cosette
Marius, Cosette
Marius, Cosette
Marius, Cosette
Marius, Cosette
Marius, Cosette
Marius, Cosette
Marius, Cosette
Marius, Cosette
Marius, Cosette
Marius, Cosette
Marius, Cosette
Marius, Cosette
Marius, Cosette
Marius, Cosette
Marius, Cosette
Marius, Cosette
Marius, Cosette
Marius, Cosette
Marius, Cosette
Marius, Cosette
Marius, Cosette
Marius, Cosette
Marius, Cosette
Marius, Cosette
Marius, Cosette
Marius, Cosette
Marius, Cosette
Marius, Cosette
Marius, Cosette
Marius, Cosette
Marius, Cosette
Marius, Cosette
Marius, Cosette
Marius, Cosette
Marius, Cosette
Marius, Cosette
Marius, Cosette
Marius, Cosette
Marius, Cosette
Marius, Cosette
Marius, Cosette
Marius, Cosette
Marius, Cosette
Marius, Cosette
Marius, Cosette
Marius, Cosette
Marius, Cosette
Marius, Cosette
Marius, Cosette
Marius, Cosette
Marius, Cosette
Marius, Cosette
Marius, Cosette
Marius, Cosette
Marius, Cosette
Marius, Cosette
Marius, Cosette
Marius, Cosette
Marius, Cosette
Marius, Cosette
Marius, Cosette
Marius, Cosette
Marius, Cosette
Marius, Cosette
Marius, Cosette
Marius, Cosette
Marius, Cosette
Marius, Cosette
Marius, Cosette
Marius, Cosette
Marius, Cosette
Marius, Cosette
Marius, Cosette
Marius, Cosette
Marius, Cosette
Marius, Cosette
Marius, Cosette
Marius, Cosette
Marius, Cosette
Marius, Cosette
Marius, Cosette
Marius, Cosette
Marius, Cosette
Marius, Cosette
Marius, Cosette
Marius, Cosette
Marius, Cosette
Marius, Cosette
Marius, Cosette
Marius, Cosette
Marius, Cosette
Marius, Cosette
Marius, Cosette
Marius, Cosette
Marius, Cosette
Marius, Cosette
Marius, Cosette
Marius, Cosette
Marius, Cosette
Marius, Cosette
Marius, Cosette
Marius, Cosette
Marius, Cosette
Marius, Cosette
Marius, Cosette
Marius, Cosette
Marius, Cosette
Marius, Cosette
Marius, Cosette
Marius, Cosette
Marius, Cosette
Marius, Cosette
Marius, Cosette
Marius, Cosette
Marius, Cosette
Marius, Cosette
Marius, Cosette
Marius, Cosette
Marius, Cosette
Marius, Cosette
Marius, Cosette
Marius, Cosette
Marius, Cosette
Marius, Cosette
Marius, Cosette
Marius, Cosette
Marius, Cosette
Marius, Cosette
Marius, Cosette
Marius, Cosette
Marius, Cosette
Marius, Cosette
Marius, Cosette
Marius, Cosette
Marius, Cosette
Marius, Cosette
Marius, Cosette
Marius, Cosette
Marius, Cosette
Marius, Cosette
Marius, Cosette
Marius, Cosette
Marius, Cosette
Marius, Cosette
Marius, Cosette
Marius, Cosette
Marius, Cosette
Marius, Cosette
Marius, Cosette
Marius, Cosette
Marius, Cosette
Marius, Cosette
Marius, Cosette
Marius, Cosette
Marius, Cosette
Marius, Cosette
Marius, Cosette
Marius, Cosette
Marius, Cosette
Marius, Cosette
Marius, Cosette
Marius, Cosette
Marius, Cosette
Marius, Cosette
Marius, Cosette
Marius, Cosette
Marius, Cosette
Marius, Cosette
Marius, Cosette
Marius, Cosette
Marius, Cosette
Marius, Cosette
Marius, Cosette
Marius, Cosette
Marius, Cosette
Marius, Cosette
Marius, Cosette
Marius, Cosette
Marius, Cosette
Marius, Cosette
Marius, Cosette
Marius, Cosette
Marius, Cosette
Marius, Cosette
Marius, Cosette
Marius, Cosette
Marius, Cosette
Marius, Cosette
Marius, Cosette
Marius, Cosette
Marius, Cosette
Marius, Cosette
Marius, Cosette
Marius, Cosette
Marius, Cosette
Marius, Cosette
Marius, Cosette
Marius, Cosette
Marius, Cosette
Marius, Cosette
Marius, Cosette
Marius, Cosette
Marius, Cosette
Marius, Cosette
Marius, Cosette
Marius, Cosette
Marius, Cosette
Marius, Cosette
Marius, Cosette
Marius, Cosette
Marius, Cosette
Marius, Cosette
Marius, Cosette
Marius, Cosette
Marius, Cosette
Marius, Cosette
Marius, Cosette
Marius, Cosette
Marius, Cosette
Marius, Cosette
Marius, Cosette
Marius, Cosette
Marius, Cosette
Marius, Cosette
Marius, Cosette
Marius, Cosette
Marius, Cosette
Marius, Cosette
Marius, Cosette
Marius, Cosette
Marius, Cosette
Marius, Cosette
Marius, Cosette
Marius, Cosette
Marius, Cosette
Marius, Cosette
Marius, Cosette
Marius, Cosette
Marius, Cosette
Marius, Cosette
Marius, Cosette
Marius, Cosette
Marius, Cosette
Marius, Cosette
Marius, Cosette
Marius, Cosette
Marius, Cosette
Marius, Cosette
Marius, Cosette
Marius, Cosette
Marius, Cosette
Marius, Cosette
Marius, Cosette
Marius, Cosette
Marius, Cosette
Marius, Cosette
Marius, Cosette
Marius, Cosette
Marius, Cosette
Marius, Cosette
Marius, Cosette
Marius, Cosette
Marius, Cosette
Marius, Cosette
Marius, Cosette
Marius, Cosette
Marius, Cosette
Marius, Cosette
Marius, Cosette
Marius, Cosette
Marius, Cosette
Marius, Cosette
Marius, Cosette
Marius, Cosette
Marius, Cosette
Marius, Cosette
Marius, Cosette
Marius, Cosette
Marius, Cosette
Marius, Cosette
Marius, Cosette
Marius, Cosette
Marius, Cosette
Marius, Cosette
Marius, Cosette
Marius, Cosette
Marius, Cosette
Marius, Cosette
Marius, Cosette
Marius, Cosette
Marius, Cosette
Marius, Cosette
Marius, Cosette
Marius, Cosette
Marius, Cosette
Marius, Cosette
Marius, Cosette
Marius, Cosette
Marius, Cosette
Marius, Cosette
Marius, Cosette
Marius, Cosette
Marius, Cosette
Marius, Cosette
Marius, Cosette
Marius, Cosette
Marius, Cosette
Marius, Cosette
Marius, Cosette
Marius, Cosette
Marius, Cosette
Marius, Cosette
Marius, Cosette
Marius, Cosette
Marius, Cosette
Marius, Cosette
Marius, Cosette
Marius, Cosette
Marius, Cosette
Marius, Cosette
Marius, Cosette
Marius, Cosette
Marius, Cosette
Marius, Cosette
Marius, Cosette
Marius, Cosette
Marius, Cosette
Marius, Cosette
Marius, Cosette
Marius, Cosette
Marius, Cosette
Marius, Cosette
Marius, Cosette
Marius, Cosette
Marius, Cosette
Marius, Cosette
Marius, Cosette
Marius, Cosette
Marius, Cosette
Marius, Cosette
Marius, Cosette
Marius, Eponine
Marius, Eponine
Marius, Eponine
Marius, Eponine
Marius, Eponine
Marius, Eponine
Marius, Eponine
Marius, Eponine
Marius, Eponine
Marius, Eponine
Marius, Eponine
Marius, Eponine
Marius, Eponine
Marius, Eponine
Marius, Eponine
Marius, Eponine
Marius, Eponine
Marius, Eponine
Marius, Eponine
Marius, Eponine
Marius, Eponine
Marius, Eponine
Marius, Eponine
Marius, Eponine
Marius, Eponine
Marius, Eponine
Marius, Eponine
Marius, Eponine
Marius, Eponine
Marius, Eponine
Marius, Eponine
Marius, Eponine
Marius, Eponine
Marius, Mabeuf
Marius, Mabeuf
Marius, Mabeuf
Marius, Mabeuf
Marius, Mabeuf
Marius, Mabeuf
Marius, Mabeuf
Marius, Mabeuf
Marius, Mabeuf
Marius, Mabeuf
Marius, Mabeuf
Marius, Mabeuf
Marius, Mabeuf
Marius, Mabeuf
Marius, Mabeuf
Marius, Mabeuf
Marius, Mabeuf
Marius, Mabeuf
Marius, Mabeuf
Marius, Mabeuf
Marius, Mabeuf
Marius, Mabeuf
Marius, Mabeuf
Marius, Mabeuf
Marius, Mabeuf
Marius, Mabeuf
Marius, Mabeuf
Marius, Mabeuf
Marius, Mabeuf
Marius, Mabeuf
Marius, Mabeuf
Marius, Mabeuf
Marius, Mabeuf
Marius, Mabeuf
Marius, Mabeuf
Marius, Mabeuf
Marius, Mabeuf
Marius, Mabeuf
Marius, Mabeuf
Marius, Combeferre
Marius, Combeferre
Marius, Combeferre
Marius, Combeferre
Marius, Combeferre
Marius, Combeferre
Marius, Combeferre
Marius, Combeferre
Marius, Combeferre
Marius, Combeferre
Marius, Combeferre
Marius, Combeferre
Marius, Combeferre
Marius, Combeferre
Marius, Combeferre
Marius, Combeferre
Marius, Combeferre
Marius, Combeferre
Marius, Combeferre
Marius, Feuilly
Marius, Grantaire
Marius, Grantaire
Marius, Grantaire
Marius, Grantaire
Marius, Grantaire
Marius, Grantaire
Marius, Grantaire
Marius, Grantaire
Marius, Grantaire
Marius, Babet
Marius, Claquesous
Marius, Prouvaire
Marius, Prouvaire
Marius, Prouvaire
Marius, Prouvaire
Marius, Prouvaire
Marius, Prouvaire
Marius, Prouvaire
Marius, Prouvaire
Marius, Hucheloup
Marius, Judge
Marius, Fauchelevent
Marius, Fauchelevent
Marius, Fauchelevent
Marius, Fauchelevent
Marius, Fauchelevent
Marius, Fauchelevent
Marius, Fauchelevent
Marius, Fauchelevent
Marius, Fauchelevent
Marius, Fauchelevent
Marius, Fauchelevent
Marius, Fauchelevent
Marius, Fauchelevent
Marius, Fauchelevent
Marius, Fauchelevent
Marius, Fauchelevent
Marius, Fauchelevent
Marius, Fauchelevent
Marius, Fauchelevent
Marius, Fauchelevent
Marius, Fauchelevent
Marius, Fauchelevent
Marius, Fauchelevent
Marius, Fauchelevent
Marius, Fauchelevent
Marius, Fauchelevent
Marius, Fauchelevent
Marius, Fauchelevent
Marius, Fauchelevent
Marius, Fauchelevent
Marius, Fauchelevent
Marius, Fauchelevent
Marius, Fauchelevent
Marius, Fauchelevent
Marius, Fauchelevent
Marius, Fauchelevent
Marius, Fauchelevent
Marius, Fauchelevent
Marius, Fauchelevent
Marius, Fauchelevent
Marius, Fauchelevent
Marius, Fauchelevent
Marius, Fauchelevent
Marius, Fauchelevent
Marius, Fauchelevent
Marius, Fauchelevent
Marius, Fauchelevent
Marius, Fauchelevent
Marius, Fauchelevent
Marius, Fauchelevent
Marius, Fauchelevent
Marius, Fauchelevent
Marius, Fauchelevent
Marius, Fauchelevent
Marius, Fauchelevent
Marius, Fauchelevent
Marius, Fauchelevent
Marius, Fauchelevent
Marius, Fauchelevent
Marius, Fauchelevent
Marius, Fauchelevent
Marius, Fauchelevent
Marius, Fauchelevent
Marius, Pontmercy
Marius, Pontmercy
Marius, Pontmercy
Marius, Pontmercy
Marius, Pontmercy
Marius, Pontmercy
Marius, Pontmercy
Marius, Pontmercy
Marius, Pontmercy
Marius, Pontmercy
Marius, Pontmercy
Marius, Pontmercy
Marius, Pontmercy
Marius, Pontmercy
Marius, Pontmercy
Marius, Pontmercy
Marius, Pontmercy
Marius, Pontmercy
Marius, Pontmercy
Marius, Pontmercy
Marius, Pontmercy
Marius, Pontmercy
Marius, Pontmercy
Marius, Pontmercy
Marius, Pontmercy
Marius, Pontmercy
Marius, Pontmercy
Marius, Pontmercy
Marius, Pontmercy
Marius, Pontmercy
Marius, Pontmercy
Marius, Pontmercy
Marius, Pontmercy
Marius, Pontmercy
Marius, Pontmercy
Marius, Pontmercy
Marius, Pontmercy
Marius, Pontmercy
Marius, Pontmercy
Marius, Pontmercy
Marius, Pontmercy
Marius, Pontmercy
Marius, Pontmercy
Marius, Pontmercy
Marius, Pontmercy
Marius, Pontmercy
Marius, Pontmercy
Marius, Pontmercy
Marius, Pontmercy
Marius, Pontmercy
Marius, Pontmercy
Marius, Pontmercy
Marius, Pontmercy
Marius, Pontmercy
Marius, Pontmercy
Marius, Pontmercy
Marius, Pontmercy
Marius, Pontmercy
Marius, Pontmercy
Marius, Pontmercy
Marius, Pontmercy
Marius, Pontmercy
Marius, Pontmercy
Marius, Pontmercy
Marius, Pontmercy
Marius, Pontmercy
Marius, Pontmercy
Marius, Pontmercy
Marius, Pontmercy
Marius, Pontmercy
Marius, Pontmercy
Marius, Azelma
Marius, Azelma
Marius, Toussaint
Marius, Toussaint
Marius, Toussaint
Marius, Toussaint
Marius, Toussaint
Marius, Toussaint
Marius, Toussaint
Marius, Toussaint
Marius, Toussaint
Marius, Toussaint
Marius, Toussaint
Marius, Bougon
Marius, Bougon
Marius, Bougon
Marius, Bougon
Marius, Bougon
Marius, Bougon
Marius, Bougon
Marius, Bougon
Marius, Bougon
Marius, Bougon
Marius, Bougon
Marius, Bougon
Marius, Bougon
Marius, Bougon
Marius, Bougon
Marius, Bougon
Marius, Bougon
Marius, Bougon
Marius, Bougon
Marius, Bougon
Marius, Bougon
Marius, Bougon
Marius, Bougon
Marius, Magnon
Marius, Magnon
Marius, Magnon
Marius, Napoleon
Marius, Napoleon
Marius, Napoleon
Marius, Napoleon
Marius, Napoleon
Marius, Napoleon
Marius, Napoleon
Marius, Boulatruelle
Marius, Boulatruelle
Marius, Fabantou
Marius, Fabantou
Marius, Fabantou
Marius, Fabantou
Marius, Leblanc
Marius, Leblanc
Marius, Leblanc
Marius, Leblanc
Marius, Leblanc
Marius, Leblanc
Marius, Leblanc
Marius, Leblanc
Marius, Leblanc
Marius, Leblanc
Marius, Leblanc
Marius, Leblanc
Marius, Leblanc
Marius, Leblanc
Marius, Leblanc
Marius, Leblanc
Marius, Leblanc
Marius, Leblanc
Marius, Leblanc
Marius, Leblanc
Marius, Leblanc
Marius, Leblanc
Marius, Leblanc
Marius, Leblanc
Marius, Leblanc
Marius, Leblanc
Marius, Leblanc
Marius, Leblanc
Marius, Leblanc
Marius, Leblanc
Marius, Leblanc
Marius, Leblanc
Marius, Leblanc
Marius, Leblanc
Marius, Leblanc
Marius, Leblanc
Marius, Leblanc
Marius, Leblanc
Marius, Leblanc
Marius, Leblanc
Marius, Leblanc
Marius, Leblanc
Marius, Leblanc
Marius, Leblanc
Marius, Leblanc
Marius, Leblanc
Marius, Leblanc
Marius, Leblanc
Marius, Jondrette
Marius, Jondrette
Marius, Jondrette
Marius, Jondrette
Marius, Jondrette
Marius, Jondrette
Marius, Jondrette
Marius, Jondrette
Marius, Jondrette
Marius, Jondrette
Marius, Jondrette
Marius, Jondrette
Marius, Jondrette
Marius, Jondrette
Marius, Jondrette
Marius, Jondrette
Marius, Jondrette
Marius, Jondrette
Marius, Jondrette
Marius, Jondrette
Marius, Jondrette
Marius, Jondrette
Marius, Jondrette
Marius, Jondrette
Marius, Jondrette
Marius, Jondrette
Marius, Jondrette
Marius, Jondrette
Marius, Jondrette
Marius, Jondrette
Marius, Jondrette
Marius, Jondrette
Marius, Jondrette
Marius, Jondrette
Marius, Jondrette
Marius, Jondrette
Marius, Jondrette
Marius, Jondrette
Marius, Jondrette
Marius, Jondrette
Marius, Jondrette
Marius, Jondrette
Marius, Jondrette
Marius, Jondrette
Marius, Jondrette
Marius, Jondrette
Marius, Jondrette
Marius, Jondrette
Marius, Jondrette
Marius, Jondrette
Marius, Jondrette
Marius, Jondrette
Marius, Jondrette
Marius, Jondrette
Marius, Jondrette
Marius, Jondrette
Marius, Jondrette
Marius, Jondrette
Marius, Jondrette
Marius, Jondrette
Marius, Jondrette
Marius, Jondrette
Marius, Jondrette
Marius, Jondrette
Marius, Jondrette
Marius, Jondrette
Marius, Jondrette
Marius, Jondrette
Marius, Jondrette
Marius, Jondrette
Marius, Jondrette
Marius, Jondrette
Marius, Jondrette
Marius, Jondrette
Marius, Jondrette
Marius, Jondrette
Marius, Jondrette
Marius, Jondrette
Marius, Jondrette
Marius, Jondrette
Marius, Jondrette
Marius, Jondrette
Marius, Jondrette
Marius, Jondrette
Marius, Jondrette
Marius, Jondrette
Marius, Jondrette
Marius, Jondrette
Marius, Jondrette
Marius, Jondrette
Marius, Jondrette
Marius, Jondrette
Marius, Jondrette
Marius, Jondrette
Marius, Jondrette
Marius, Jondrette
Marius, Jondrette
Marius, Jondrette
Marius, Jondrette
Marius, Jondrette
Marius, Jondrette
Marius, Jondrette
Marius, Jondrette
Javert, Fantine
Javert, Fantine
Javert, Fantine
Javert, Fantine
Javert, Fantine
Javert, Fantine
Javert, Fantine
Javert, Fantine
Javert, Fantine
Javert, Fantine
Javert, Fantine
Javert, Fantine
Javert, Fantine
Javert, Fantine
Javert, Fantine
Javert, Fantine
Javert, Fantine
Javert, Fantine
Javert, Fantine
Javert, Fantine
Javert, Fantine
Javert, Fantine
Javert, Fantine
Javert, Fantine
Javert, Fantine
Javert, Fantine
Javert, Fantine
Javert, Fantine
Javert, Fantine
Javert, Fantine
Javert, Fantine
Javert, Fantine
Javert, Fantine
Javert, Fantine
Javert, Fantine
Javert, Fantine
Javert, Fantine
Javert, Fantine
Javert, Fantine
Javert, Fantine
Javert, Fantine
Javert, Enjolras
Javert, Enjolras
Javert, Enjolras
Javert, Enjolras
Javert, Enjolras
Javert, Enjolras
Javert, Enjolras
Javert, Enjolras
Javert, Enjolras
Javert, Enjolras
Javert, Enjolras
Javert, Enjolras
Javert, Enjolras
Javert, Enjolras
Javert, Enjolras
Javert, Enjolras
Javert, Enjolras
Javert, Enjolras
Javert, Enjolras
Javert, Enjolras
Javert, Enjolras
Javert, Enjolras
Javert, Enjolras
Javert, Enjolras
Javert, Enjolras
Javert, Courfeyrac
Javert, Courfeyrac
Javert, Courfeyrac
Javert, Courfeyrac
Javert, Courfeyrac
Javert, Courfeyrac
Javert, Courfeyrac
Javert, Courfeyrac
Javert, Courfeyrac
Javert, Courfeyrac
Javert, Bossuet
Javert, Bossuet
Javert, Bossuet
Javert, Bahorel
Javert, Bahorel
Javert, Joly
Javert, Joly
Javert, Joly
Javert, Cosette
Javert, Cosette
Javert, Cosette
Javert, Cosette
Javert, Cosette
Javert, Cosette
Javert, Cosette
Javert, Cosette
Javert, Cosette
Javert, Cosette
Javert, Cosette
Javert, Cosette
Javert, Cosette
Javert, Cosette
Javert, Cosette
Javert, Cosette
Javert, Cosette
Javert, Cosette
Javert, Eponine
Javert, Eponine
Javert, Eponine
Javert, Eponine
Javert, Eponine
Javert, Eponine
Javert, Mabeuf
Javert, Mabeuf
Javert, Mabeuf
Javert, Mabeuf
Javert, Mabeuf
Javert, Combeferre
Javert, Combeferre
Javert, Combeferre
Javert, Combeferre
Javert, Combeferre
Javert, Claquesous
Javert, Claquesous
Javert, Claquesous
Javert, Claquesous
Javert, Claquesous
Javert, Claquesous
Javert, Claquesous
Javert, Prouvaire
Javert, Montparnasse
Javert, Montparnasse
Javert, Montparnasse
Javert, Bamatabois
Javert, Champmathieu
Javert, Champmathieu
Javert, Champmathieu
Javert, Champmathieu
Javert, Champmathieu
Javert, Champmathieu
Javert, Champmathieu
Javert, Champmathieu
Javert, Brevet
Javert, Brevet
Javert, Brevet
Javert, Brevet
Javert, Brevet
Javert, Brevet
Javert, Chenildieu
Javert, Chenildieu
Javert, Chenildieu
Javert, Chenildieu
Javert, Chenildieu
Javert, Chenildieu
Javert, Chenildieu
Javert, Cochepaille
Javert, Cochepaille
Javert, Cochepaille
Javert, Cochepaille
Javert, Cochepaille
Javert, Cochepaille
Javert, Fauchelevent
Javert, Fauchelevent
Javert, Fauchelevent
Javert, Fauchelevent
Javert, Fauchelevent
Javert, Fauchelevent
Javert, Fauchelevent
Javert, Simplice
Javert, Simplice
Javert, Simplice
Javert, Simplice
Javert, Azelma
Javert, Azelma
Javert, Toussaint
Javert, Toussaint
Javert, Bougon
Javert, Bougon
Javert, Napoleon
Javert, Napoleon
Javert, Gervais
Javert, Leblanc
Javert, Leblanc
Javert, Jondrette
Javert, Jondrette
Fantine, Cosette
Fantine, Cosette
Fantine, Cosette
Fantine, Cosette
Fantine, Cosette
Fantine, Cosette
Fantine, Cosette
Fantine, Cosette
Fantine, Cosette
Fantine, Cosette
Fantine, Cosette
Fantine, Cosette
Fantine, Cosette
Fantine, Cosette
Fantine, Cosette
Fantine, Cosette
Fantine, Cosette
Fantine, Cosette
Fantine, Cosette
Fantine, Cosette
Fantine, Cosette
Fantine, Cosette
Fantine, Cosette
Fantine, Cosette
Fantine, Cosette
Fantine, Cosette
Fantine, Cosette
Fantine, Cosette
Fantine, Cosette
Fantine, Cosette
Fantine, Cosette
Fantine, Eponine
Fantine, Tholomyes
Fantine, Tholomyes
Fantine, Tholomyes
Fantine, Tholomyes
Fantine, Tholomyes
Fantine, Tholomyes
Fantine, Tholomyes
Fantine, Tholomyes
Fantine, Tholomyes
Fantine, Tholomyes
Fantine, Tholomyes
Fantine, Tholomyes
Fantine, Tholomyes
Fantine, Tholomyes
Fantine, Tholomyes
Fantine, Tholomyes
Fantine, Tholomyes
Fantine, Tholomyes
Fantine, Tholomyes
Fantine, Tholomyes
Fantine, Tholomyes
Fantine, Tholomyes
Fantine, Tholomyes
Fantine, Listolier
Fantine, Listolier
Fantine, Listolier
Fantine, Listolier
Fantine, Fameuil
Fantine, Fameuil
Fantine, Fameuil
Fantine, Fameuil
Fantine, Blachevelle
Fantine, Blachevelle
Fantine, Blachevelle
Fantine, Blachevelle
Fantine, Favourite
Fantine, Favourite
Fantine, Favourite
Fantine, Favourite
Fantine, Favourite
Fantine, Favourite
Fantine, Favourite
Fantine, Favourite
Fantine, Favourite
Fantine, Favourite
Fantine, Favourite
Fantine, Favourite
Fantine, Favourite
Fantine, Favourite
Fantine, Favourite
Fantine, Favourite
Fantine, Favourite
Fantine, Favourite
Fantine, Dahlia
Fantine, Dahlia
Fantine, Dahlia
Fantine, Dahlia
Fantine, Dahlia
Fantine, Dahlia
Fantine, Dahlia
Fantine, Dahlia
Fantine, Dahlia
Fantine, Dahlia
Fantine, Dahlia
Fantine, Dahlia
Fantine, Dahlia
Fantine, Dahlia
Fantine, Dahlia
Fantine, Dahlia
Fantine, Dahlia
Fantine, Dahlia
Fantine, Zephine
Fantine, Zephine
Fantine, Zephine
Fantine, Zephine
Fantine, Zephine
Fantine, Zephine
Fantine, Zephine
Fantine, Zephine
Fantine, Zephine
Fantine, Zephine
Fantine, Zephine
Fantine, Zephine
Fantine, Zephine
Fantine, Simplice
Fantine, Simplice
Fantine, Simplice
Fantine, Simplice
Fantine, Simplice
Fantine, Simplice
Fantine, Simplice
Fantine, Simplice
Fantine, Simplice
Fantine, Simplice
Fantine, Simplice
Fantine, Simplice
Fantine, Simplice
Fantine, Simplice
Fantine, Simplice
Fantine, Simplice
Fantine, Pontmercy
Fantine, Pontmercy
Fantine, Marguerite
Fantine, Marguerite
Fantine, Marguerite
Fantine, Marguerite
Fantine, Marguerite
Fantine, Marguerite
Fantine, Marguerite
Fantine, Marguerite
Fantine, Marguerite
Fantine, Marguerite
Fantine, Marguerite
Fantine, Marguerite
Fantine, Perpetue
Fantine, Perpetue
Enjolras, Courfeyrac
Enjolras, Courfeyrac
Enjolras, Courfeyrac
Enjolras, Courfeyrac
Enjolras, Courfeyrac
Enjolras, Courfeyrac
Enjolras, Courfeyrac
Enjolras, Courfeyrac
Enjolras, Courfeyrac
Enjolras, Courfeyrac
Enjolras, Courfeyrac
Enjolras, Courfeyrac
Enjolras, Courfeyrac
Enjolras, Courfeyrac
Enjolras, Courfeyrac
Enjolras, Courfeyrac
Enjolras, Courfeyrac
Enjolras, Courfeyrac
Enjolras, Courfeyrac
Enjolras, Courfeyrac
Enjolras, Courfeyrac
Enjolras, Courfeyrac
Enjolras, Courfeyrac
Enjolras, Courfeyrac
Enjolras, Courfeyrac
Enjolras, Courfeyrac
Enjolras, Courfeyrac
Enjolras, Courfeyrac
Enjolras, Courfeyrac
Enjolras, Courfeyrac
Enjolras, Courfeyrac
Enjolras, Courfeyrac
Enjolras, Courfeyrac
Enjolras, Courfeyrac
Enjolras, Courfeyrac
Enjolras, Courfeyrac
Enjolras, Courfeyrac
Enjolras, Courfeyrac
Enjolras, Courfeyrac
Enjolras, Courfeyrac
Enjolras, Courfeyrac
Enjolras, Courfeyrac
Enjolras, Courfeyrac
Enjolras, Courfeyrac
Enjolras, Courfeyrac
Enjolras, Bossuet
Enjolras, Bossuet
Enjolras, Bossuet
Enjolras, Bossuet
Enjolras, Bossuet
Enjolras, Bossuet
Enjolras, Bossuet
Enjolras, Bossuet
Enjolras, Bossuet
Enjolras, Bossuet
Enjolras, Bossuet
Enjolras, Bossuet
Enjolras, Bossuet
Enjolras, Bossuet
Enjolras, Bossuet
Enjolras, Bossuet
Enjolras, Bossuet
Enjolras, Bossuet
Enjolras, Bossuet
Enjolras, Bossuet
Enjolras, Bossuet
Enjolras, Bossuet
Enjolras, Bossuet
Enjolras, Bossuet
Enjolras, Bossuet
Enjolras, Bossuet
Enjolras, Bossuet
Enjolras, Bahorel
Enjolras, Bahorel
Enjolras, Bahorel
Enjolras, Bahorel
Enjolras, Bahorel
Enjolras, Bahorel
Enjolras, Bahorel
Enjolras, Bahorel
Enjolras, Bahorel
Enjolras, Bahorel
Enjolras, Bahorel
Enjolras, Bahorel
Enjolras, Bahorel
Enjolras, Bahorel
Enjolras, Bahorel
Enjolras, Bahorel
Enjolras, Joly
Enjolras, Joly
Enjolras, Joly
Enjolras, Joly
Enjolras, Joly
Enjolras, Joly
Enjolras, Joly
Enjolras, Joly
Enjolras, Joly
Enjolras, Joly
Enjolras, Cosette
Enjolras, Eponine
Enjolras, Mabeuf
Enjolras, Mabeuf
Enjolras, Mabeuf
Enjolras, Mabeuf
Enjolras, Mabeuf
Enjolras, Mabeuf
Enjolras, Mabeuf
Enjolras, Mabeuf
Enjolras, Mabeuf
Enjolras, Mabeuf
Enjolras, Mabeuf
Enjolras, Combeferre
Enjolras, Combeferre
Enjolras, Combeferre
Enjolras, Combeferre
Enjolras, Combeferre
Enjolras, Combeferre
Enjolras, Combeferre
Enjolras, Combeferre
Enjolras, Combeferre
Enjolras, Combeferre
Enjolras, Combeferre
Enjolras, Combeferre
Enjolras, Combeferre
Enjolras, Combeferre
Enjolras, Combeferre
Enjolras, Combeferre
Enjolras, Combeferre
Enjolras, Combeferre
Enjolras, Combeferre
Enjolras, Combeferre
Enjolras, Combeferre
Enjolras, Combeferre
Enjolras, Combeferre
Enjolras, Combeferre
Enjolras, Combeferre
Enjolras, Combeferre
Enjolras, Combeferre
Enjolras, Combeferre
Enjolras, Combeferre
Enjolras, Combeferre
Enjolras, Combeferre
Enjolras, Combeferre
Enjolras, Combeferre
Enjolras, Combeferre
Enjolras, Combeferre
Enjolras, Combeferre
Enjolras, Combeferre
Enjolras, Combeferre
Enjolras, Combeferre
Enjolras, Combeferre
Enjolras, Combeferre
Enjolras, Combeferre
Enjolras, Combeferre
Enjolras, Combeferre
Enjolras, Combeferre
Enjolras, Combeferre
Enjolras, Combeferre
Enjolras, Combeferre
Enjolras, Combeferre
Enjolras, Combeferre
Enjolras, Combeferre
Enjolras, Combeferre
Enjolras, Combeferre
Enjolras, Combeferre
Enjolras, Combeferre
Enjolras, Combeferre
Enjolras, Combeferre
Enjolras, Combeferre
Enjolras, Combeferre
Enjolras, Combeferre
Enjolras, Combeferre
Enjolras, Combeferre
Enjolras, Combeferre
Enjolras, Combeferre
Enjolras, Combeferre
Enjolras, Combeferre
Enjolras, Combeferre
Enjolras, Combeferre
Enjolras, Combeferre
Enjolras, Combeferre
Enjolras, Combeferre
Enjolras, Combeferre
Enjolras, Combeferre
Enjolras, Combeferre
Enjolras, Combeferre
Enjolras, Combeferre
Enjolras, Combeferre
Enjolras, Combeferre
Enjolras, Combeferre
Enjolras, Combeferre
Enjolras, Combeferre
Enjolras, Combeferre
Enjolras, Combeferre
Enjolras, Combeferre
Enjolras, Combeferre
Enjolras, Combeferre
Enjolras, Combeferre
Enjolras, Feuilly
Enjolras, Feuilly
Enjolras, Feuilly
Enjolras, Feuilly
Enjolras, Feuilly
Enjolras, Feuilly
Enjolras, Feuilly
Enjolras, Feuilly
Enjolras, Feuilly
Enjolras, Feuilly
Enjolras, Feuilly
Enjolras, Feuilly
Enjolras, Feuilly
Enjolras, Feuilly
Enjolras, Feuilly
Enjolras, Grantaire
Enjolras, Grantaire
Enjolras, Grantaire
Enjolras, Grantaire
Enjolras, Grantaire
Enjolras, Grantaire
Enjolras, Grantaire
Enjolras, Grantaire
Enjolras, Grantaire
Enjolras, Grantaire
Enjolras, Grantaire
Enjolras, Grantaire
Enjolras, Grantaire
Enjolras, Grantaire
Enjolras, Grantaire
Enjolras, Grantaire
Enjolras, Grantaire
Enjolras, Grantaire
Enjolras, Grantaire
Enjolras, Grantaire
Enjolras, Grantaire
Enjolras, Grantaire
Enjolras, Grantaire
Enjolras, Grantaire
Enjolras, Grantaire
Enjolras, Grantaire
Enjolras, Grantaire
Enjolras, Grantaire
Enjolras, Grantaire
Enjolras, Grantaire
Enjolras, Grantaire
Enjolras, Grantaire
Enjolras, Grantaire
Enjolras, Grantaire
Enjolras, Grantaire
Enjolras, Grantaire
Enjolras, Grantaire
Enjolras, Grantaire
Enjolras, Tholomyes
Enjolras, Prouvaire
Enjolras, Prouvaire
Enjolras, Prouvaire
Enjolras, Prouvaire
Enjolras, Prouvaire
Enjolras, Prouvaire
Enjolras, Prouvaire
Enjolras, Prouvaire
Enjolras, Prouvaire
Enjolras, Prouvaire
Enjolras, Prouvaire
Enjolras, Prouvaire
Enjolras, Prouvaire
Enjolras, Prouvaire
Enjolras, Prouvaire
Enjolras, Prouvaire
Enjolras, Prouvaire
Enjolras, Hucheloup
Enjolras, Hucheloup
Enjolras, Hucheloup
Enjolras, Hucheloup
Enjolras, Napoleon
Enjolras, Napoleon
Enjolras, Napoleon
Courfeyrac, Bossuet
Courfeyrac, Bossuet
Courfeyrac, Bossuet
Courfeyrac, Bossuet
Courfeyrac, Bossuet
Courfeyrac, Bossuet
Courfeyrac, Bossuet
Courfeyrac, Bossuet
Courfeyrac, Bossuet
Courfeyrac, Bossuet
Courfeyrac, Bossuet
Courfeyrac, Bossuet
Courfeyrac, Bossuet
Courfeyrac, Bossuet
Courfeyrac, Bossuet
Courfeyrac, Bossuet
Courfeyrac, Bossuet
Courfeyrac, Bossuet
Courfeyrac, Bossuet
Courfeyrac, Bossuet
Courfeyrac, Bossuet
Courfeyrac, Bossuet
Courfeyrac, Bossuet
Courfeyrac, Bossuet
Courfeyrac, Bossuet
Courfeyrac, Bossuet
Courfeyrac, Bossuet
Courfeyrac, Bossuet
Courfeyrac, Bossuet
Courfeyrac, Bossuet
Courfeyrac, Bossuet
Courfeyrac, Bossuet
Courfeyrac, Bossuet
Courfeyrac, Bossuet
Courfeyrac, Bossuet
Courfeyrac, Bossuet
Courfeyrac, Bossuet
Courfeyrac, Bossuet
Courfeyrac, Bossuet
Courfeyrac, Bossuet
Courfeyrac, Bossuet
Courfeyrac, Bossuet
Courfeyrac, Bossuet
Courfeyrac, Bossuet
Courfeyrac, Bossuet
Courfeyrac, Bossuet
Courfeyrac, Bossuet
Courfeyrac, Bossuet
Courfeyrac, Bahorel
Courfeyrac, Bahorel
Courfeyrac, Bahorel
Courfeyrac, Bahorel
Courfeyrac, Bahorel
Courfeyrac, Bahorel
Courfeyrac, Bahorel
Courfeyrac, Bahorel
Courfeyrac, Bahorel
Courfeyrac, Bahorel
Courfeyrac, Bahorel
Courfeyrac, Bahorel
Courfeyrac, Bahorel
Courfeyrac, Bahorel
Courfeyrac, Bahorel
Courfeyrac, Bahorel
Courfeyrac, Bahorel
Courfeyrac, Bahorel
Courfeyrac, Bahorel
Courfeyrac, Bahorel
Courfeyrac, Bahorel
Courfeyrac, Joly
Courfeyrac, Joly
Courfeyrac, Joly
Courfeyrac, Joly
Courfeyrac, Joly
Courfeyrac, Joly
Courfeyrac, Joly
Courfeyrac, Joly
Courfeyrac, Joly
Courfeyrac, Cosette
Courfeyrac, Cosette
Courfeyrac, Cosette
Courfeyrac, Cosette
Courfeyrac, Eponine
Courfeyrac, Eponine
Courfeyrac, Mabeuf
Courfeyrac, Mabeuf
Courfeyrac, Mabeuf
Courfeyrac, Mabeuf
Courfeyrac, Mabeuf
Courfeyrac, Mabeuf
Courfeyrac, Mabeuf
Courfeyrac, Mabeuf
Courfeyrac, Mabeuf
Courfeyrac, Mabeuf
Courfeyrac, Mabeuf
Courfeyrac, Mabeuf
Courfeyrac, Combeferre
Courfeyrac, Combeferre
Courfeyrac, Combeferre
Courfeyrac, Combeferre
Courfeyrac, Combeferre
Courfeyrac, Combeferre
Courfeyrac, Combeferre
Courfeyrac, Combeferre
Courfeyrac, Combeferre
Courfeyrac, Combeferre
Courfeyrac, Combeferre
Courfeyrac, Combeferre
Courfeyrac, Combeferre
Courfeyrac, Combeferre
Courfeyrac, Combeferre
Courfeyrac, Combeferre
Courfeyrac, Combeferre
Courfeyrac, Combeferre
Courfeyrac, Combeferre
Courfeyrac, Combeferre
Courfeyrac, Combeferre
Courfeyrac, Combeferre
Courfeyrac, Combeferre
Courfeyrac, Combeferre
Courfeyrac, Combeferre
Courfeyrac, Combeferre
Courfeyrac, Combeferre
Courfeyrac, Combeferre
Courfeyrac, Combeferre
Courfeyrac, Combeferre
Courfeyrac, Combeferre
Courfeyrac, Combeferre
Courfeyrac, Combeferre
Courfeyrac, Combeferre
Courfeyrac, Feuilly
Courfeyrac, Feuilly
Courfeyrac, Feuilly
Courfeyrac, Feuilly
Courfeyrac, Feuilly
Courfeyrac, Feuilly
Courfeyrac, Feuilly
Courfeyrac, Feuilly
Courfeyrac, Feuilly
Courfeyrac, Feuilly
Courfeyrac, Feuilly
Courfeyrac, Feuilly
Courfeyrac, Feuilly
Courfeyrac, Feuilly
Courfeyrac, Feuilly
Courfeyrac, Feuilly
Courfeyrac, Feuilly
Courfeyrac, Grantaire
Courfeyrac, Grantaire
Courfeyrac, Grantaire
Courfeyrac, Grantaire
Courfeyrac, Grantaire
Courfeyrac, Grantaire
Courfeyrac, Grantaire
Courfeyrac, Grantaire
Courfeyrac, Tholomyes
Courfeyrac, Tholomyes
Courfeyrac, Tholomyes
Courfeyrac, Tholomyes
Courfeyrac, Tholomyes
Courfeyrac, Tholomyes
Courfeyrac, Tholomyes
Courfeyrac, Tholomyes
Courfeyrac, Tholomyes
Courfeyrac, Tholomyes
Courfeyrac, Tholomyes
Courfeyrac, Tholomyes
Courfeyrac, Tholomyes
Courfeyrac, Prouvaire
Courfeyrac, Prouvaire
Courfeyrac, Prouvaire
Courfeyrac, Prouvaire
Courfeyrac, Prouvaire
Courfeyrac, Prouvaire
Courfeyrac, Prouvaire
Courfeyrac, Prouvaire
Courfeyrac, Prouvaire
Courfeyrac, Prouvaire
Courfeyrac, Prouvaire
Courfeyrac, Prouvaire
Courfeyrac, Prouvaire
Courfeyrac, Prouvaire
Courfeyrac, Prouvaire
Courfeyrac, Hucheloup
Courfeyrac, Hucheloup
Courfeyrac, Hucheloup
Courfeyrac, Hucheloup
Courfeyrac, Hucheloup
Courfeyrac, Pontmercy
Courfeyrac, Bougon
Courfeyrac, Bougon
Courfeyrac, Bougon
Courfeyrac, Bougon
Courfeyrac, Bougon
Courfeyrac, Bougon
Courfeyrac, Leblanc
Courfeyrac, Leblanc
Courfeyrac, Jondrette
Courfeyrac, Jondrette
Courfeyrac, Jondrette
Courfeyrac, Jondrette
Courfeyrac, Jondrette
Bossuet, Bahorel
Bossuet, Bahorel
Bossuet, Bahorel
Bossuet, Bahorel
Bossuet, Bahorel
Bossuet, Bahorel
Bossuet, Bahorel
Bossuet, Bahorel
Bossuet, Bahorel
Bossuet, Bahorel
Bossuet, Bahorel
Bossuet, Joly
Bossuet, Joly
Bossuet, Joly
Bossuet, Joly
Bossuet, Joly
Bossuet, Joly
Bossuet, Joly
Bossuet, Joly
Bossuet, Joly
Bossuet, Joly
Bossuet, Joly
Bossuet, Joly
Bossuet, Joly
Bossuet, Joly
Bossuet, Joly
Bossuet, Joly
Bossuet, Joly
Bossuet, Joly
Bossuet, Joly
Bossuet, Joly
Bossuet, Joly
Bossuet, Joly
Bossuet, Joly
Bossuet, Joly
Bossuet, Joly
Bossuet, Joly
Bossuet, Joly
Bossuet, Eponine
Bossuet, Mabeuf
Bossuet, Mabeuf
Bossuet, Mabeuf
Bossuet, Combeferre
Bossuet, Combeferre
Bossuet, Combeferre
Bossuet, Combeferre
Bossuet, Combeferre
Bossuet, Combeferre
Bossuet, Combeferre
Bossuet, Combeferre
Bossuet, Combeferre
Bossuet, Combeferre
Bossuet, Combeferre
Bossuet, Combeferre
Bossuet, Combeferre
Bossuet, Combeferre
Bossuet, Combeferre
Bossuet, Combeferre
Bossuet, Combeferre
Bossuet, Combeferre
Bossuet, Combeferre
Bossuet, Combeferre
Bossuet, Feuilly
Bossuet, Feuilly
Bossuet, Feuilly
Bossuet, Feuilly
Bossuet, Feuilly
Bossuet, Feuilly
Bossuet, Feuilly
Bossuet, Feuilly
Bossuet, Feuilly
Bossuet, Grantaire
Bossuet, Grantaire
Bossuet, Grantaire
Bossuet, Grantaire
Bossuet, Grantaire
Bossuet, Grantaire
Bossuet, Grantaire
Bossuet, Grantaire
Bossuet, Grantaire
Bossuet, Grantaire
Bossuet, Grantaire
Bossuet, Grantaire
Bossuet, Grantaire
Bossuet, Grantaire
Bossuet, Grantaire
Bossuet, Grantaire
Bossuet, Grantaire
Bossuet, Grantaire
Bossuet, Grantaire
Bossuet, Grantaire
Bossuet, Grantaire
Bossuet, Grantaire
Bossuet, Grantaire
Bossuet, Grantaire
Bossuet, Grantaire
Bossuet, Prouvaire
Bossuet, Prouvaire
Bossuet, Prouvaire
Bossuet, Prouvaire
Bossuet, Prouvaire
Bossuet, Prouvaire
Bossuet, Prouvaire
Bossuet, Hucheloup
Bossuet, Hucheloup
Bossuet, Hucheloup
Bossuet, Hucheloup
Bossuet, Hucheloup
Bahorel, Joly
Bahorel, Joly
Bahorel, Joly
Bahorel, Joly
Bahorel, Joly
Bahorel, Joly
Bahorel, Joly
Bahorel, Joly
Bahorel, Joly
Bahorel, Joly
Bahorel, Joly
Bahorel, Mabeuf
Bahorel, Mabeuf
Bahorel, Combeferre
Bahorel, Combeferre
Bahorel, Combeferre
Bahorel, Combeferre
Bahorel, Combeferre
Bahorel, Combeferre
Bahorel, Combeferre
Bahorel, Combeferre
Bahorel, Combeferre
Bahorel, Combeferre
Bahorel, Combeferre
Bahorel, Combeferre
Bahorel, Combeferre
Bahorel, Combeferre
Bahorel, Combeferre
Bahorel, Feuilly
Bahorel, Feuilly
Bahorel, Feuilly
Bahorel, Feuilly
Bahorel, Feuilly
Bahorel, Feuilly
Bahorel, Feuilly
Bahorel, Feuilly
Bahorel, Feuilly
Bahorel, Feuilly
Bahorel, Grantaire
Bahorel, Grantaire
Bahorel, Grantaire
Bahorel, Grantaire
Bahorel, Prouvaire
Bahorel, Prouvaire
Bahorel, Prouvaire
Bahorel, Prouvaire
Bahorel, Prouvaire
Bahorel, Prouvaire
Bahorel, Prouvaire
Bahorel, Prouvaire
Bahorel, Prouvaire
Bahorel, Prouvaire
Bahorel, Prouvaire
Bahorel, Prouvaire
Bahorel, Hucheloup
Joly, Combeferre
Joly, Combeferre
Joly, Combeferre
Joly, Combeferre
Joly, Combeferre
Joly, Combeferre
Joly, Combeferre
Joly, Combeferre
Joly, Feuilly
Joly, Feuilly
Joly, Feuilly
Joly, Feuilly
Joly, Feuilly
Joly, Feuilly
Joly, Grantaire
Joly, Grantaire
Joly, Grantaire
Joly, Grantaire
Joly, Grantaire
Joly, Grantaire
Joly, Grantaire
Joly, Grantaire
Joly, Grantaire
Joly, Grantaire
Joly, Grantaire
Joly, Grantaire
Joly, Grantaire
Joly, Grantaire
Joly, Grantaire
Joly, Grantaire
Joly, Grantaire
Joly, Grantaire
Joly, Grantaire
Joly, Grantaire
Joly, Grantaire
Joly, Grantaire
Joly, Grantaire
Joly, Grantaire
Joly, Grantaire
Joly, Grantaire
Joly, Grantaire
Joly, Prouvaire
Joly, Prouvaire
Joly, Prouvaire
Joly, Prouvaire
Joly, Prouvaire
Joly, Prouvaire
Joly, Hucheloup
Joly, Hucheloup
Joly, Hucheloup
Joly, Hucheloup
Cosette, Eponine
Cosette, Eponine
Cosette, Eponine
Cosette, Eponine
Cosette, Eponine
Cosette, Eponine
Cosette, Eponine
Cosette, Eponine
Cosette, Eponine
Cosette, Eponine
Cosette, Eponine
Cosette, Eponine
Cosette, Eponine
Cosette, Eponine
Cosette, Eponine
Cosette, Eponine
Cosette, Eponine
Cosette, Eponine
Cosette, Eponine
Cosette, Eponine
Cosette, Eponine
Cosette, Eponine
Cosette, Eponine
Cosette, Eponine
Cosette, Eponine
Cosette, Eponine
Cosette, Eponine
Cosette, Eponine
Cosette, Eponine
Cosette, Eponine
Cosette, Eponine
Cosette, Eponine
Cosette, Mabeuf
Cosette, Mabeuf
Cosette, Prouvaire
Cosette, Prouvaire
Cosette, Champmathieu
Cosette, Fauchelevent
Cosette, Fauchelevent
Cosette, Fauchelevent
Cosette, Fauchelevent
Cosette, Fauchelevent
Cosette, Fauchelevent
Cosette, Fauchelevent
Cosette, Fauchelevent
Cosette, Fauchelevent
Cosette, Fauchelevent
Cosette, Fauchelevent
Cosette, Fauchelevent
Cosette, Fauchelevent
Cosette, Fauchelevent
Cosette, Fauchelevent
Cosette, Fauchelevent
Cosette, Fauchelevent
Cosette, Fauchelevent
Cosette, Fauchelevent
Cosette, Fauchelevent
Cosette, Fauchelevent
Cosette, Fauchelevent
Cosette, Fauchelevent
Cosette, Fauchelevent
Cosette, Fauchelevent
Cosette, Fauchelevent
Cosette, Fauchelevent
Cosette, Fauchelevent
Cosette, Fauchelevent
Cosette, Fauchelevent
Cosette, Fauchelevent
Cosette, Fauchelevent
Cosette, Fauchelevent
Cosette, Fauchelevent
Cosette, Fauchelevent
Cosette, Fauchelevent
Cosette, Fauchelevent
Cosette, Fauchelevent
Cosette, Fauchelevent
Cosette, Fauchelevent
Cosette, Fauchelevent
Cosette, Fauchelevent
Cosette, Fauchelevent
Cosette, Fauchelevent
Cosette, Fauchelevent
Cosette, Fauchelevent
Cosette, Fauchelevent
Cosette, Fauchelevent
Cosette, Fauchelevent
Cosette, Fauchelevent
Cosette, Fauchelevent
Cosette, Fauchelevent
Cosette, Fauchelevent
Cosette, Fauchelevent
Cosette, Fauchelevent
Cosette, Fauchelevent
Cosette, Fauchelevent
Cosette, Fauchelevent
Cosette, Fauchelevent
Cosette, Fauchelevent
Cosette, Fauchelevent
Cosette, Fauchelevent
Cosette, Fauchelevent
Cosette, Fauchelevent
Cosette, Fauchelevent
Cosette, Fauchelevent
Cosette, Fauchelevent
Cosette, Fauchelevent
Cosette, Fauchelevent
Cosette, Fauchelevent
Cosette, Fauchelevent
Cosette, Fauchelevent
Cosette, Fauchelevent
Cosette, Fauchelevent
Cosette, Fauchelevent
Cosette, Fauchelevent
Cosette, Fauchelevent
Cosette, Fauchelevent
Cosette, Fauchelevent
Cosette, Fauchelevent
Cosette, Fauchelevent
Cosette, Fauchelevent
Cosette, Fauchelevent
Cosette, Fauchelevent
Cosette, Fauchelevent
Cosette, Simplice
Cosette, Pontmercy
Cosette, Pontmercy
Cosette, Pontmercy
Cosette, Pontmercy
Cosette, Pontmercy
Cosette, Pontmercy
Cosette, Pontmercy
Cosette, Pontmercy
Cosette, Pontmercy
Cosette, Pontmercy
Cosette, Pontmercy
Cosette, Pontmercy
Cosette, Pontmercy
Cosette, Pontmercy
Cosette, Pontmercy
Cosette, Pontmercy
Cosette, Pontmercy
Cosette, Pontmercy
Cosette, Pontmercy
Cosette, Pontmercy
Cosette, Pontmercy
Cosette, Pontmercy
Cosette, Pontmercy
Cosette, Pontmercy
Cosette, Pontmercy
Cosette, Pontmercy
Cosette, Pontmercy
Cosette, Pontmercy
Cosette, Pontmercy
Cosette, Pontmercy
Cosette, Azelma
Cosette, Azelma
Cosette, Azelma
Cosette, Azelma
Cosette, Azelma
Cosette, Azelma
Cosette, Azelma
Cosette, Azelma
Cosette, Azelma
Cosette, Azelma
Cosette, Azelma
Cosette, Azelma
Cosette, Azelma
Cosette, Azelma
Cosette, Toussaint
Cosette, Toussaint
Cosette, Toussaint
Cosette, Toussaint
Cosette, Toussaint
Cosette, Toussaint
Cosette, Toussaint
Cosette, Toussaint
Cosette, Toussaint
Cosette, Toussaint
Cosette, Toussaint
Cosette, Toussaint
Cosette, Toussaint
Cosette, Toussaint
Cosette, Toussaint
Cosette, Toussaint
Cosette, Toussaint
Cosette, Toussaint
Cosette, Toussaint
Cosette, Toussaint
Cosette, Toussaint
Cosette, Toussaint
Cosette, Toussaint
Cosette, Toussaint
Cosette, Toussaint
Cosette, Toussaint
Cosette, Toussaint
Cosette, Toussaint
Cosette, Toussaint
Cosette, Toussaint
Cosette, Toussaint
Cosette, Toussaint
Cosette, Toussaint
Cosette, Toussaint
Cosette, Toussaint
Cosette, Toussaint
Cosette, Toussaint
Cosette, Toussaint
Cosette, Toussaint
Cosette, Toussaint
Cosette, Toussaint
Cosette, Toussaint
Cosette, Toussaint
Cosette, Toussaint
Cosette, Toussaint
Cosette, Toussaint
Cosette, Toussaint
Cosette, Toussaint
Cosette, Toussaint
Cosette, Toussaint
Cosette, Toussaint
Cosette, Toussaint
Cosette, Toussaint
Cosette, Toussaint
Cosette, Napoleon
Cosette, Napoleon
Cosette, Napoleon
Cosette, Boulatruelle
Cosette, Jondrette
Eponine, Mabeuf
Eponine, Mabeuf
Eponine, Combeferre
Eponine, Grantaire
Eponine, Babet
Eponine, Babet
Eponine, Babet
Eponine, Babet
Eponine, Babet
Eponine, Babet
Eponine, Babet
Eponine, Babet
Eponine, Babet
Eponine, Babet
Eponine, Babet
Eponine, Babet
Eponine, Claquesous
Eponine, Claquesous
Eponine, Claquesous
Eponine, Claquesous
Eponine, Claquesous
Eponine, Prouvaire
Eponine, Montparnasse
Eponine, Montparnasse
Eponine, Montparnasse
Eponine, Montparnasse
Eponine, Montparnasse
Eponine, Montparnasse
Eponine, Montparnasse
Eponine, Montparnasse
Eponine, Montparnasse
Eponine, Montparnasse
Eponine, Montparnasse
Eponine, Montparnasse
Eponine, Montparnasse
Eponine, Montparnasse
Eponine, Brujon
Eponine, Brujon
Eponine, Brujon
Eponine, Brujon
Eponine, Brujon
Eponine, Brujon
Eponine, Fauchelevent
Eponine, Fauchelevent
Eponine, Fauchelevent
Eponine, Azelma
Eponine, Azelma
Eponine, Azelma
Eponine, Azelma
Eponine, Azelma
Eponine, Azelma
Eponine, Azelma
Eponine, Azelma
Eponine, Azelma
Eponine, Azelma
Eponine, Azelma
Eponine, Azelma
Eponine, Azelma
Eponine, Azelma
Eponine, Azelma
Eponine, Azelma
Eponine, Azelma
Eponine, Azelma
Eponine, Azelma
Eponine, Azelma
Eponine, Azelma
Eponine, Azelma
Eponine, Toussaint
Eponine, Toussaint
Eponine, Toussaint
Eponine, Magnon
Eponine, Magnon
Eponine, Magnon
Eponine, Magnon
Eponine, Magnon
Eponine, Magnon
Eponine, Magnon
Eponine, Magnon
Eponine, Magnon
Eponine, Magnon
Eponine, Magnon
Eponine, Magnon
Eponine, Magnon
Eponine, Magnon
Mabeuf, Combeferre
Mabeuf, Combeferre
Mabeuf, Combeferre
Mabeuf, Combeferre
Mabeuf, Grantaire
Mabeuf, Grantaire
Mabeuf, Prouvaire
Mabeuf, Prouvaire
Mabeuf, Montparnasse
Mabeuf, Montparnasse
Mabeuf, Montparnasse
Mabeuf, Montparnasse
Mabeuf, Hucheloup
Mabeuf, Hucheloup
Mabeuf, Fauchelevent
Mabeuf, Pontmercy
Mabeuf, Pontmercy
Mabeuf, Pontmercy
Combeferre, Feuilly
Combeferre, Feuilly
Combeferre, Feuilly
Combeferre, Feuilly
Combeferre, Feuilly
Combeferre, Feuilly
Combeferre, Feuilly
Combeferre, Feuilly
Combeferre, Feuilly
Combeferre, Feuilly
Combeferre, Feuilly
Combeferre, Feuilly
Combeferre, Feuilly
Combeferre, Grantaire
Combeferre, Grantaire
Combeferre, Grantaire
Combeferre, Grantaire
Combeferre, Grantaire
Combeferre, Tholomyes
Combeferre, Prouvaire
Combeferre, Prouvaire
Combeferre, Prouvaire
Combeferre, Prouvaire
Combeferre, Prouvaire
Combeferre, Prouvaire
Combeferre, Prouvaire
Combeferre, Prouvaire
Combeferre, Prouvaire
Combeferre, Prouvaire
Combeferre, Prouvaire
Combeferre, Prouvaire
Combeferre, Prouvaire
Combeferre, Prouvaire
Combeferre, Prouvaire
Combeferre, Prouvaire
Combeferre, Prouvaire
Combeferre, Prouvaire
Combeferre, Prouvaire
Combeferre, Prouvaire
Combeferre, Hucheloup
Combeferre, Hucheloup
Feuilly, Grantaire
Feuilly, Grantaire
Feuilly, Prouvaire
Feuilly, Prouvaire
Feuilly, Prouvaire
Feuilly, Prouvaire
Feuilly, Prouvaire
Feuilly, Prouvaire
Feuilly, Prouvaire
Feuilly, Prouvaire
Feuilly, Hucheloup
Myriel, Baptistine
Myriel, Baptistine
Myriel, Magloire
Myriel, Magloire
Myriel, Napoleon
Myriel, Napoleon
Myriel, Napoleon
Myriel, Count
Myriel, Count
Grantaire, Prouvaire
Grantaire, Prouvaire
Grantaire, Prouvaire
Grantaire, Prouvaire
Grantaire, Prouvaire
Grantaire, Hucheloup
Grantaire, Hucheloup
Grantaire, Hucheloup
Grantaire, Hucheloup
Gueulemer, Babet
Gueulemer, Babet
Gueulemer, Babet
Gueulemer, Babet
Gueulemer, Babet
Gueulemer, Babet
Gueulemer, Babet
Gueulemer, Babet
Gueulemer, Claquesous
Gueulemer, Claquesous
Gueulemer, Claquesous
Gueulemer, Claquesous
Gueulemer, Montparnasse
Gueulemer, Montparnasse
Gueulemer, Montparnasse
Gueulemer, Montparnasse
Babet, Claquesous
Babet, Claquesous
Babet, Claquesous
Babet, Claquesous
Babet, Claquesous
Babet, Claquesous
Babet, Claquesous
Babet, Claquesous
Babet, Claquesous
Babet, Claquesous
Babet, Montparnasse
Babet, Montparnasse
Babet, Montparnasse
Babet, Montparnasse
Babet, Montparnasse
Babet, Montparnasse
Babet, Montparnasse
Babet, Montparnasse
Babet, Montparnasse
Babet, Montparnasse
Babet, Montparnasse
Babet, Montparnasse
Babet, Montparnasse
Babet, Montparnasse
Babet, Montparnasse
Babet, Montparnasse
Babet, Montparnasse
Babet, Montparnasse
Babet, Montparnasse
Babet, Montparnasse
Babet, Montparnasse
Babet, Montparnasse
Babet, Montparnasse
Babet, Montparnasse
Babet, Montparnasse
Babet, Montparnasse
Babet, Montparnasse
Babet, Montparnasse
Babet, Brujon
Babet, Brujon
Babet, Brujon
Babet, Brujon
Babet, Brujon
Babet, Brujon
Babet, Brujon
Babet, Brujon
Babet, Brujon
Babet, Brujon
Babet, Brujon
Babet, Brujon
Babet, Brujon
Babet, Brujon
Babet, Brujon
Babet, Brujon
Babet, Brujon
Babet, Brujon
Babet, Brujon
Babet, Brujon
Babet, Brujon
Babet, Brujon
Babet, Brujon
Babet, Brujon
Babet, Brujon
Babet, Brujon
Babet, Brujon
Babet, Azelma
Babet, Toussaint
Babet, Magnon
Babet, Magnon
Babet, Magnon
Babet, Magnon
Babet, Magnon
Babet, Magnon
Babet, Magnon
Babet, Magnon
Babet, Magnon
Babet, Magnon
Claquesous, Montparnasse
Claquesous, Montparnasse
Claquesous, Montparnasse
Claquesous, Montparnasse
Claquesous, Montparnasse
Claquesous, Brujon
Claquesous, Brujon
Claquesous, Azelma
Claquesous, Boulatruelle
Tholomyes, Listolier
Tholomyes, Listolier
Tholomyes, Listolier
Tholomyes, Listolier
Tholomyes, Listolier
Tholomyes, Listolier
Tholomyes, Listolier
Tholomyes, Listolier
Tholomyes, Listolier
Tholomyes, Listolier
Tholomyes, Listolier
Tholomyes, Listolier
Tholomyes, Listolier
Tholomyes, Listolier
Tholomyes, Fameuil
Tholomyes, Fameuil
Tholomyes, Fameuil
Tholomyes, Fameuil
Tholomyes, Fameuil
Tholomyes, Fameuil
Tholomyes, Fameuil
Tholomyes, Fameuil
Tholomyes, Fameuil
Tholomyes, Fameuil
Tholomyes, Fameuil
Tholomyes, Fameuil
Tholomyes, Fameuil
Tholomyes, Blachevelle
Tholomyes, Blachevelle
Tholomyes, Blachevelle
Tholomyes, Blachevelle
Tholomyes, Blachevelle
Tholomyes, Blachevelle
Tholomyes, Blachevelle
Tholomyes, Blachevelle
Tholomyes, Blachevelle
Tholomyes, Blachevelle
Tholomyes, Blachevelle
Tholomyes, Blachevelle
Tholomyes, Blachevelle
Tholomyes, Blachevelle
Tholomyes, Blachevelle
Tholomyes, Blachevelle
Tholomyes, Blachevelle
Tholomyes, Blachevelle
Tholomyes, Blachevelle
Tholomyes, Blachevelle
Tholomyes, Blachevelle
Tholomyes, Blachevelle
Tholomyes, Blachevelle
Tholomyes, Blachevelle
Tholomyes, Blachevelle
Tholomyes, Blachevelle
Tholomyes, Blachevelle
Tholomyes, Favourite
Tholomyes, Favourite
Tholomyes, Favourite
Tholomyes, Favourite
Tholomyes, Favourite
Tholomyes, Favourite
Tholomyes, Favourite
Tholomyes, Favourite
Tholomyes, Favourite
Tholomyes, Favourite
Tholomyes, Favourite
Tholomyes, Favourite
Tholomyes, Favourite
Tholomyes, Favourite
Tholomyes, Favourite
Tholomyes, Dahlia
Tholomyes, Dahlia
Tholomyes, Dahlia
Tholomyes, Dahlia
Tholomyes, Dahlia
Tholomyes, Dahlia
Tholomyes, Dahlia
Tholomyes, Dahlia
Tholomyes, Dahlia
Tholomyes, Dahlia
Tholomyes, Zephine
Tholomyes, Zephine
Tholomyes, Zephine
Tholomyes, Zephine
Tholomyes, Zephine
Tholomyes, Zephine
Tholomyes, Zephine
Tholomyes, Marguerite
Prouvaire, Napoleon
Montparnasse, Brujon
Montparnasse, Brujon
Montparnasse, Brujon
Montparnasse, Brujon
Montparnasse, Brujon
Montparnasse, Brujon
Montparnasse, Brujon
Montparnasse, Brujon
Montparnasse, Brujon
Montparnasse, Brujon
Montparnasse, Brujon
Montparnasse, Brujon
Montparnasse, Brujon
Montparnasse, Brujon
Montparnasse, Brujon
Montparnasse, Brujon
Montparnasse, Brujon
Montparnasse, Brujon
Montparnasse, Brujon
Montparnasse, Jondrette
Listolier, Fameuil
Listolier, Fameuil
Listolier, Fameuil
Listolier, Fameuil
Listolier, Fameuil
Listolier, Fameuil
Listolier, Fameuil
Listolier, Fameuil
Listolier, Fameuil
Listolier, Fameuil
Listolier, Fameuil
Listolier, Fameuil
Listolier, Fameuil
Listolier, Blachevelle
Listolier, Blachevelle
Listolier, Blachevelle
Listolier, Blachevelle
Listolier, Blachevelle
Listolier, Blachevelle
Listolier, Blachevelle
Listolier, Blachevelle
Listolier, Blachevelle
Listolier, Blachevelle
Listolier, Blachevelle
Listolier, Favourite
Listolier, Favourite
Listolier, Favourite
Listolier, Favourite
Listolier, Favourite
Listolier, Dahlia
Listolier, Dahlia
Listolier, Dahlia
Listolier, Dahlia
Listolier, Dahlia
Listolier, Dahlia
Listolier, Zephine
Listolier, Zephine
Listolier, Zephine
Listolier, Zephine
Listolier, Zephine
Listolier, Zephine
Fameuil, Blachevelle
Fameuil, Blachevelle
Fameuil, Blachevelle
Fameuil, Blachevelle
Fameuil, Blachevelle
Fameuil, Blachevelle
Fameuil, Blachevelle
Fameuil, Blachevelle
Fameuil, Blachevelle
Fameuil, Blachevelle
Fameuil, Blachevelle
Fameuil, Favourite
Fameuil, Favourite
Fameuil, Favourite
Fameuil, Favourite
Fameuil, Favourite
Fameuil, Dahlia
Fameuil, Dahlia
Fameuil, Dahlia
Fameuil, Dahlia
Fameuil, Dahlia
Fameuil, Dahlia
Fameuil, Zephine
Fameuil, Zephine
Fameuil, Zephine
Fameuil, Zephine
Fameuil, Zephine
Fameuil, Zephine
Blachevelle, Favourite
Blachevelle, Favourite
Blachevelle, Favourite
Blachevelle, Favourite
Blachevelle, Favourite
Blachevelle, Favourite
Blachevelle, Favourite
Blachevelle, Favourite
Blachevelle, Favourite
Blachevelle, Favourite
Blachevelle, Favourite
Blachevelle, Favourite
Blachevelle, Favourite
Blachevelle, Favourite
Blachevelle, Favourite
Blachevelle, Favourite
Blachevelle, Favourite
Blachevelle, Favourite
Blachevelle, Favourite
Blachevelle, Favourite
Blachevelle, Favourite
Blachevelle, Favourite
Blachevelle, Favourite
Blachevelle, Favourite
Blachevelle, Favourite
Blachevelle, Favourite
Blachevelle, Dahlia
Blachevelle, Dahlia
Blachevelle, Dahlia
Blachevelle, Dahlia
Blachevelle, Dahlia
Blachevelle, Dahlia
Blachevelle, Dahlia
Blachevelle, Dahlia
Blachevelle, Dahlia
Blachevelle, Dahlia
Blachevelle, Zephine
Blachevelle, Zephine
Blachevelle, Zephine
Blachevelle, Zephine
Blachevelle, Zephine
Blachevelle, Zephine
Blachevelle, Zephine
Blachevelle, Zephine
Favourite, Dahlia
Favourite, Dahlia
Favourite, Dahlia
Favourite, Dahlia
Favourite, Dahlia
Favourite, Dahlia
Favourite, Dahlia
Favourite, Dahlia
Favourite, Dahlia
Favourite, Dahlia
Favourite, Dahlia
Favourite, Dahlia
Favourite, Dahlia
Favourite, Dahlia
Favourite, Dahlia
Favourite, Dahlia
Favourite, Dahlia
Favourite, Dahlia
Favourite, Zephine
Favourite, Zephine
Favourite, Zephine
Favourite, Zephine
Favourite, Zephine
Favourite, Zephine
Favourite, Zephine
Favourite, Zephine
Favourite, Zephine
Favourite, Zephine
Favourite, Zephine
Favourite, Zephine
Favourite, Zephine
Favourite, Zephine
Favourite, Zephine
Dahlia, Zephine
Dahlia, Zephine
Dahlia, Zephine
Dahlia, Zephine
Dahlia, Zephine
Dahlia, Zephine
Dahlia, Zephine
Dahlia, Zephine
Dahlia, Zephine
Dahlia, Zephine
Dahlia, Zephine
Dahlia, Zephine
Dahlia, Zephine
Dahlia, Zephine
Dahlia, Zephine
Brujon, Azelma
Brujon, Magnon
Brujon, Magnon
Brujon, Magnon
Brujon, Magnon
Brujon, Magnon
Brujon, Boulatruelle
Brujon, Boulatruelle
Champmathieu, Brevet
Champmathieu, Brevet
Champmathieu, Brevet
Champmathieu, Brevet
Champmathieu, Brevet
Champmathieu, Brevet
Champmathieu, Brevet
Champmathieu, Brevet
Champmathieu, Brevet
Champmathieu, Brevet
Champmathieu, Brevet
Champmathieu, Brevet
Champmathieu, Brevet
Champmathieu, Brevet
Champmathieu, Chenildieu
Champmathieu, Chenildieu
Champmathieu, Chenildieu
Champmathieu, Cochepaille
Champmathieu, Cochepaille
Champmathieu, Cochepaille
Champmathieu, Fauchelevent
Champmathieu, Fauchelevent
Champmathieu, Gervais
Champmathieu, Gervais
Brevet, Chenildieu
Brevet, Chenildieu
Brevet, Chenildieu
Brevet, Chenildieu
Brevet, Chenildieu
Brevet, Chenildieu
Brevet, Chenildieu
Brevet, Chenildieu
Brevet, Chenildieu
Brevet, Chenildieu
Brevet, Chenildieu
Brevet, Chenildieu
Brevet, Chenildieu
Brevet, Cochepaille
Brevet, Cochepaille
Brevet, Cochepaille
Brevet, Cochepaille
Brevet, Cochepaille
Brevet, Cochepaille
Brevet, Cochepaille
Brevet, Cochepaille
Chenildieu, Cochepaille
Chenildieu, Cochepaille
Chenildieu, Cochepaille
Chenildieu, Cochepaille
Chenildieu, Cochepaille
Chenildieu, Cochepaille
Chenildieu, Cochepaille
Chenildieu, Cochepaille
Chenildieu, Cochepaille
Chenildieu, Cochepaille
Chenildieu, Cochepaille
Fauchelevent, Pontmercy
Fauchelevent, Pontmercy
Fauchelevent, Toussaint
Fauchelevent, Toussaint
Fauchelevent, Toussaint
Fauchelevent, Toussaint
Fauchelevent, Toussaint
Fauchelevent, Toussaint
Fauchelevent, Napoleon
Fauchelevent, Gribier
Fauchelevent, Gribier
Fauchelevent, Gribier
Fauchelevent, Gribier
Fauchelevent, Gribier
Fauchelevent, Gribier
Fauchelevent, Gribier
Fauchelevent, Gribier
Simplice, Perpetue
Simplice, Perpetue
Simplice, Perpetue
Simplice, Perpetue
Simplice, Perpetue
Simplice, Scaufflaire
Simplice, Scaufflaire
Baptistine, Magloire
Baptistine, Magloire
Baptistine, Magloire
Baptistine, Magloire
Baptistine, Magloire
Baptistine, Magloire
Baptistine, Magloire
Baptistine, Magloire
Baptistine, Magloire
Baptistine, Magloire
Baptistine, Magloire
Baptistine, Magloire
Baptistine, Magloire
Baptistine, Magloire
Baptistine, Magloire
Baptistine, Magloire
Baptistine, Magloire
Baptistine, Magloire
Baptistine, Magloire
Baptistine, Magloire
Baptistine, Magloire
Baptistine, Magloire
Baptistine, Magloire
Baptistine, Magloire
Magloire, Labarre
Pontmercy, Napoleon
Pontmercy, Napoleon
Pontmercy, Napoleon
Pontmercy, Jondrette
Pontmercy, Jondrette
Azelma, Magnon
Bougon, Jondrette
Bougon, Jondrette
Magnon, Jondrette
Napoleon, Gribier
Napoleon, Gribier
Napoleon, Gribier
Boulatruelle, Leblanc
Fabantou, Leblanc
Fabantou, Leblanc
Fabantou, Leblanc
Fabantou, Leblanc
Fabantou, Leblanc
Fabantou, Leblanc
Fabantou, Leblanc
Fabantou, Leblanc
Fabantou, Leblanc
Fabantou, Jondrette
Fabantou, Jondrette
Fabantou, Jondrette
Fabantou, Jondrette
Fabantou, Jondrette
Fabantou, Jondrette
Fabantou, Jondrette
Fabantou, Jondrette
Fabantou, Jondrette
Fabantou, Jondrette
Fabantou, Jondrette
Fabantou, Jondrette
Fabantou, Jondrette
Fabantou, Jondrette
Fabantou, Jondrette
Fabantou, Jondrette
Fabantou, Jondrette
Fabantou, Jondrette
Fabantou, Jondrette
Leblanc, Jondrette
Leblanc, Jondrette
Leblanc, Jondrette
Leblanc, Jondrette
Leblanc, Jondrette
Leblanc, Jondrette
Leblanc, Jondrette
Leblanc, Jondrette
Leblanc, Jondrette
Leblanc, Jondrette
Leblanc, Jondrette
Leblanc, Jondrette
Leblanc, Jondrette
Leblanc, Jondrette
Leblanc, Jondrette
Leblanc, Jondrette
Leblanc, Jondrette
Leblanc, Jondrette
Leblanc, Jondrette
Leblanc, Jondrette
Leblanc, Jondrette
Leblanc, Jondrette
Leblanc, Jondrette
Leblanc, Jondrette
Leblanc, Jondrette
Leblanc, Jondrette
Leblanc, Jondrette
Leblanc, Jondrette
Leblanc, Jondrette
Leblanc, Jondrette
Leblanc, Jondrette
Leblanc, Jondrette
Leblanc, Jondrette
Leblanc, Jondrette
Leblanc, Jondrette
Leblanc, Jondrette
Leblanc, Jondrette
Leblanc, Jondrette
Leblanc, Jondrette
Leblanc, Jondrette
Leblanc, Jondrette
Leblanc, Jondrette
Leblanc, Jondrette
Leblanc, Jondrette
Leblanc, Jondrette
Leblanc, Jondrette
Leblanc, Jondrette
Leblanc, Jondrette
Leblanc, Jondrette
Leblanc, Jondrette
Leblanc, Jondrette
Leblanc, Jondrette
Leblanc, Jondrette
Leblanc, Jondrette
Leblanc, Jondrette
Leblanc, Jondrette
Leblanc, Jondrette
Leblanc, Jondrette
Leblanc, Jondrette
Leblanc, Jondrette
Leblanc, Jondrette
Leblanc, Jondrette
Leblanc, Jondrette
Leblanc, Jondrette
Leblanc, Jondrette
Leblanc, Jondrette
Leblanc, Jondrette
Leblanc, Jondrette
Leblanc, Jondrette
Leblanc, Jondrette
Leblanc, Jondrette
Leblanc, Jondrette
Leblanc, Jondrette
Leblanc, Jondrette
Leblanc, Jondrette
Leblanc, Jondrette
Leblanc, Jondrette
